date,financial_year,week_number,day_name
2020-01-01,2019,40,Wednesday
2020-01-02,2019,40,Thursday
2020-01-03,2019,40,Friday
2020-01-04,2019,40,Saturday
2020-01-05,2019,40,Sunday
2020-01-06,2019,41,Monday
2020-01-07,2019,41,Tuesday
2020-01-08,2019,41,Wednesday
2020-01-09,2019,41,Thursday
2020-01-10,2019,41,Friday
2020-01-11,2019,41,Saturday
2020-01-12,2019,41,Sunday
2020-01-13,2019,42,Monday
2020-01-14,2019,42,Tuesday
2020-01-15,2019,42,Wednesday
2020-01-16,2019,42,Thursday
2020-01-17,2019,42,Friday
2020-01-18,2019,42,Saturday
2020-01-19,2019,42,Sunday
2020-01-20,2019,43,Monday
2020-01-21,2019,43,Tuesday
2020-01-22,2019,43,Wednesday
2020-01-23,2019,43,Thursday
2020-01-24,2019,43,Friday
2020-01-25,2019,43,Saturday
2020-01-26,2019,43,Sunday
2020-01-27,2019,44,Monday
2020-01-28,2019,44,Tuesday
2020-01-29,2019,44,Wednesday
2020-01-30,2019,44,Thursday
2020-01-31,2019,44,Friday
2020-02-01,2019,44,Saturday
2020-02-02,2019,44,Sunday
2020-02-03,2019,45,Monday
2020-02-04,2019,45,Tuesday
2020-02-05,2019,45,Wednesday
2020-02-06,2019,45,Thursday
2020-02-07,2019,45,Friday
2020-02-08,2019,45,Saturday
2020-02-09,2019,45,Sunday
2020-02-10,2019,46,Monday
2020-02-11,2019,46,Tuesday
2020-02-12,2019,46,Wednesday
2020-02-13,2019,46,Thursday
2020-02-14,2019,46,Friday
2020-02-15,2019,46,Saturday
2020-02-16,2019,46,Sunday
2020-02-17,2019,47,Monday
2020-02-18,2019,47,Tuesday
2020-02-19,2019,47,Wednesday
2020-02-20,2019,47,Thursday
2020-02-21,2019,47,Friday
2020-02-22,2019,47,Saturday
2020-02-23,2019,47,Sunday
2020-02-24,2019,48,Monday
2020-02-25,2019,48,Tuesday
2020-02-26,2019,48,Wednesday
2020-02-27,2019,48,Thursday
2020-02-28,2019,48,Friday
2020-02-29,2019,48,Saturday
2020-03-01,2019,48,Sunday
2020-03-02,2019,49,Monday
2020-03-03,2019,49,Tuesday
2020-03-04,2019,49,Wednesday
2020-03-05,2019,49,Thursday
2020-03-06,2019,49,Friday
2020-03-07,2019,49,Saturday
2020-03-08,2019,49,Sunday
2020-03-09,2019,50,Monday
2020-03-10,2019,50,Tuesday
2020-03-11,2019,50,Wednesday
2020-03-12,2019,50,Thursday
2020-03-13,2019,50,Friday
2020-03-14,2019,50,Saturday
2020-03-15,2019,50,Sunday
2020-03-16,2019,51,Monday
2020-03-17,2019,51,Tuesday
2020-03-18,2019,51,Wednesday
2020-03-19,2019,51,Thursday
2020-03-20,2019,51,Friday
2020-03-21,2019,51,Saturday
2020-03-22,2019,51,Sunday
2020-03-23,2019,52,Monday
2020-03-24,2019,52,Tuesday
2020-03-25,2019,52,Wednesday
2020-03-26,2019,52,Thursday
2020-03-27,2019,52,Friday
2020-03-28,2019,52,Saturday
2020-03-29,2019,52,Sunday
2020-03-30,2020,1,Monday
2020-03-31,2020,1,Tuesday
2020-04-01,2020,1,Wednesday
2020-04-02,2020,1,Thursday
2020-04-03,2020,1,Friday
2020-04-04,2020,1,Saturday
2020-04-05,2020,1,Sunday
2020-04-06,2020,2,Monday
2020-04-07,2020,2,Tuesday
2020-04-08,2020,2,Wednesday
2020-04-09,2020,2,Thursday
2020-04-10,2020,2,Friday
2020-04-11,2020,2,Saturday
2020-04-12,2020,2,Sunday
2020-04-13,2020,3,Monday
2020-04-14,2020,3,Tuesday
2020-04-15,2020,3,Wednesday
2020-04-16,2020,3,Thursday
2020-04-17,2020,3,Friday
2020-04-18,2020,3,Saturday
2020-04-19,2020,3,Sunday
2020-04-20,2020,4,Monday
2020-04-21,2020,4,Tuesday
2020-04-22,2020,4,Wednesday
2020-04-23,2020,4,Thursday
2020-04-24,2020,4,Friday
2020-04-25,2020,4,Saturday
2020-04-26,2020,4,Sunday
2020-04-27,2020,5,Monday
2020-04-28,2020,5,Tuesday
2020-04-29,2020,5,Wednesday
2020-04-30,2020,5,Thursday
2020-05-01,2020,5,Friday
2020-05-02,2020,5,Saturday
2020-05-03,2020,5,Sunday
2020-05-04,2020,6,Monday
2020-05-05,2020,6,Tuesday
2020-05-06,2020,6,Wednesday
2020-05-07,2020,6,Thursday
2020-05-08,2020,6,Friday
2020-05-09,2020,6,Saturday
2020-05-10,2020,6,Sunday
2020-05-11,2020,7,Monday
2020-05-12,2020,7,Tuesday
2020-05-13,2020,7,Wednesday
2020-05-14,2020,7,Thursday
2020-05-15,2020,7,Friday
2020-05-16,2020,7,Saturday
2020-05-17,2020,7,Sunday
2020-05-18,2020,8,Monday
2020-05-19,2020,8,Tuesday
2020-05-20,2020,8,Wednesday
2020-05-21,2020,8,Thursday
2020-05-22,2020,8,Friday
2020-05-23,2020,8,Saturday
2020-05-24,2020,8,Sunday
2020-05-25,2020,9,Monday
2020-05-26,2020,9,Tuesday
2020-05-27,2020,9,Wednesday
2020-05-28,2020,9,Thursday
2020-05-29,2020,9,Friday
2020-05-30,2020,9,Saturday
2020-05-31,2020,9,Sunday
2020-06-01,2020,10,Monday
2020-06-02,2020,10,Tuesday
2020-06-03,2020,10,Wednesday
2020-06-04,2020,10,Thursday
2020-06-05,2020,10,Friday
2020-06-06,2020,10,Saturday
2020-06-07,2020,10,Sunday
2020-06-08,2020,11,Monday
2020-06-09,2020,11,Tuesday
2020-06-10,2020,11,Wednesday
2020-06-11,2020,11,Thursday
2020-06-12,2020,11,Friday
2020-06-13,2020,11,Saturday
2020-06-14,2020,11,Sunday
2020-06-15,2020,12,Monday
2020-06-16,2020,12,Tuesday
2020-06-17,2020,12,Wednesday
2020-06-18,2020,12,Thursday
2020-06-19,2020,12,Friday
2020-06-20,2020,12,Saturday
2020-06-21,2020,12,Sunday
2020-06-22,2020,13,Monday
2020-06-23,2020,13,Tuesday
2020-06-24,2020,13,Wednesday
2020-06-25,2020,13,Thursday
2020-06-26,2020,13,Friday
2020-06-27,2020,13,Saturday
2020-06-28,2020,13,Sunday
2020-06-29,2020,14,Monday
2020-06-30,2020,14,Tuesday
2020-07-01,2020,14,Wednesday
2020-07-02,2020,14,Thursday
2020-07-03,2020,14,Friday
2020-07-04,2020,14,Saturday
2020-07-05,2020,14,Sunday
2020-07-06,2020,15,Monday
2020-07-07,2020,15,Tuesday
2020-07-08,2020,15,Wednesday
2020-07-09,2020,15,Thursday
2020-07-10,2020,15,Friday
2020-07-11,2020,15,Saturday
2020-07-12,2020,15,Sunday
2020-07-13,2020,16,Monday
2020-07-14,2020,16,Tuesday
2020-07-15,2020,16,Wednesday
2020-07-16,2020,16,Thursday
2020-07-17,2020,16,Friday
2020-07-18,2020,16,Saturday
2020-07-19,2020,16,Sunday
2020-07-20,2020,17,Monday
2020-07-21,2020,17,Tuesday
2020-07-22,2020,17,Wednesday
2020-07-23,2020,17,Thursday
2020-07-24,2020,17,Friday
2020-07-25,2020,17,Saturday
2020-07-26,2020,17,Sunday
2020-07-27,2020,18,Monday
2020-07-28,2020,18,Tuesday
2020-07-29,2020,18,Wednesday
2020-07-30,2020,18,Thursday
2020-07-31,2020,18,Friday
2020-08-01,2020,18,Saturday
2020-08-02,2020,18,Sunday
2020-08-03,2020,19,Monday
2020-08-04,2020,19,Tuesday
2020-08-05,2020,19,Wednesday
2020-08-06,2020,19,Thursday
2020-08-07,2020,19,Friday
2020-08-08,2020,19,Saturday
2020-08-09,2020,19,Sunday
2020-08-10,2020,20,Monday
2020-08-11,2020,20,Tuesday
2020-08-12,2020,20,Wednesday
2020-08-13,2020,20,Thursday
2020-08-14,2020,20,Friday
2020-08-15,2020,20,Saturday
2020-08-16,2020,20,Sunday
2020-08-17,2020,21,Monday
2020-08-18,2020,21,Tuesday
2020-08-19,2020,21,Wednesday
2020-08-20,2020,21,Thursday
2020-08-21,2020,21,Friday
2020-08-22,2020,21,Saturday
2020-08-23,2020,21,Sunday
2020-08-24,2020,22,Monday
2020-08-25,2020,22,Tuesday
2020-08-26,2020,22,Wednesday
2020-08-27,2020,22,Thursday
2020-08-28,2020,22,Friday
2020-08-29,2020,22,Saturday
2020-08-30,2020,22,Sunday
2020-08-31,2020,23,Monday
2020-09-01,2020,23,Tuesday
2020-09-02,2020,23,Wednesday
2020-09-03,2020,23,Thursday
2020-09-04,2020,23,Friday
2020-09-05,2020,23,Saturday
2020-09-06,2020,23,Sunday
2020-09-07,2020,24,Monday
2020-09-08,2020,24,Tuesday
2020-09-09,2020,24,Wednesday
2020-09-10,2020,24,Thursday
2020-09-11,2020,24,Friday
2020-09-12,2020,24,Saturday
2020-09-13,2020,24,Sunday
2020-09-14,2020,25,Monday
2020-09-15,2020,25,Tuesday
2020-09-16,2020,25,Wednesday
2020-09-17,2020,25,Thursday
2020-09-18,2020,25,Friday
2020-09-19,2020,25,Saturday
2020-09-20,2020,25,Sunday
2020-09-21,2020,26,Monday
2020-09-22,2020,26,Tuesday
2020-09-23,2020,26,Wednesday
2020-09-24,2020,26,Thursday
2020-09-25,2020,26,Friday
2020-09-26,2020,26,Saturday
2020-09-27,2020,26,Sunday
2020-09-28,2020,27,Monday
2020-09-29,2020,27,Tuesday
2020-09-30,2020,27,Wednesday
2020-10-01,2020,27,Thursday
2020-10-02,2020,27,Friday
2020-10-03,2020,27,Saturday
2020-10-04,2020,27,Sunday
2020-10-05,2020,28,Monday
2020-10-06,2020,28,Tuesday
2020-10-07,2020,28,Wednesday
2020-10-08,2020,28,Thursday
2020-10-09,2020,28,Friday
2020-10-10,2020,28,Saturday
2020-10-11,2020,28,Sunday
2020-10-12,2020,29,Monday
2020-10-13,2020,29,Tuesday
2020-10-14,2020,29,Wednesday
2020-10-15,2020,29,Thursday
2020-10-16,2020,29,Friday
2020-10-17,2020,29,Saturday
2020-10-18,2020,29,Sunday
2020-10-19,2020,30,Monday
2020-10-20,2020,30,Tuesday
2020-10-21,2020,30,Wednesday
2020-10-22,2020,30,Thursday
2020-10-23,2020,30,Friday
2020-10-24,2020,30,Saturday
2020-10-25,2020,30,Sunday
2020-10-26,2020,31,Monday
2020-10-27,2020,31,Tuesday
2020-10-28,2020,31,Wednesday
2020-10-29,2020,31,Thursday
2020-10-30,2020,31,Friday
2020-10-31,2020,31,Saturday
2020-11-01,2020,31,Sunday
2020-11-02,2020,32,Monday
2020-11-03,2020,32,Tuesday
2020-11-04,2020,32,Wednesday
2020-11-05,2020,32,Thursday
2020-11-06,2020,32,Friday
2020-11-07,2020,32,Saturday
2020-11-08,2020,32,Sunday
2020-11-09,2020,33,Monday
2020-11-10,2020,33,Tuesday
2020-11-11,2020,33,Wednesday
2020-11-12,2020,33,Thursday
2020-11-13,2020,33,Friday
2020-11-14,2020,33,Saturday
2020-11-15,2020,33,Sunday
2020-11-16,2020,34,Monday
2020-11-17,2020,34,Tuesday
2020-11-18,2020,34,Wednesday
2020-11-19,2020,34,Thursday
2020-11-20,2020,34,Friday
2020-11-21,2020,34,Saturday
2020-11-22,2020,34,Sunday
2020-11-23,2020,35,Monday
2020-11-24,2020,35,Tuesday
2020-11-25,2020,35,Wednesday
2020-11-26,2020,35,Thursday
2020-11-27,2020,35,Friday
2020-11-28,2020,35,Saturday
2020-11-29,2020,35,Sunday
2020-11-30,2020,36,Monday
2020-12-01,2020,36,Tuesday
2020-12-02,2020,36,Wednesday
2020-12-03,2020,36,Thursday
2020-12-04,2020,36,Friday
2020-12-05,2020,36,Saturday
2020-12-06,2020,36,Sunday
2020-12-07,2020,37,Monday
2020-12-08,2020,37,Tuesday
2020-12-09,2020,37,Wednesday
2020-12-10,2020,37,Thursday
2020-12-11,2020,37,Friday
2020-12-12,2020,37,Saturday
2020-12-13,2020,37,Sunday
2020-12-14,2020,38,Monday
2020-12-15,2020,38,Tuesday
2020-12-16,2020,38,Wednesday
2020-12-17,2020,38,Thursday
2020-12-18,2020,38,Friday
2020-12-19,2020,38,Saturday
2020-12-20,2020,38,Sunday
2020-12-21,2020,39,Monday
2020-12-22,2020,39,Tuesday
2020-12-23,2020,39,Wednesday
2020-12-24,2020,39,Thursday
2020-12-25,2020,39,Friday
2020-12-26,2020,39,Saturday
2020-12-27,2020,39,Sunday
2020-12-28,2020,40,Monday
2020-12-29,2020,40,Tuesday
2020-12-30,2020,40,Wednesday
2020-12-31,2020,40,Thursday
2021-01-01,2020,40,Friday
2021-01-02,2020,40,Saturday
2021-01-03,2020,40,Sunday
2021-01-04,2020,41,Monday
2021-01-05,2020,41,Tuesday
2021-01-06,2020,41,Wednesday
2021-01-07,2020,41,Thursday
2021-01-08,2020,41,Friday
2021-01-09,2020,41,Saturday
2021-01-10,2020,41,Sunday
2021-01-11,2020,42,Monday
2021-01-12,2020,42,Tuesday
2021-01-13,2020,42,Wednesday
2021-01-14,2020,42,Thursday
2021-01-15,2020,42,Friday
2021-01-16,2020,42,Saturday
2021-01-17,2020,42,Sunday
2021-01-18,2020,43,Monday
2021-01-19,2020,43,Tuesday
2021-01-20,2020,43,Wednesday
2021-01-21,2020,43,Thursday
2021-01-22,2020,43,Friday
2021-01-23,2020,43,Saturday
2021-01-24,2020,43,Sunday
2021-01-25,2020,44,Monday
2021-01-26,2020,44,Tuesday
2021-01-27,2020,44,Wednesday
2021-01-28,2020,44,Thursday
2021-01-29,2020,44,Friday
2021-01-30,2020,44,Saturday
2021-01-31,2020,44,Sunday
2021-02-01,2020,45,Monday
2021-02-02,2020,45,Tuesday
2021-02-03,2020,45,Wednesday
2021-02-04,2020,45,Thursday
2021-02-05,2020,45,Friday
2021-02-06,2020,45,Saturday
2021-02-07,2020,45,Sunday
2021-02-08,2020,46,Monday
2021-02-09,2020,46,Tuesday
2021-02-10,2020,46,Wednesday
2021-02-11,2020,46,Thursday
2021-02-12,2020,46,Friday
2021-02-13,2020,46,Saturday
2021-02-14,2020,46,Sunday
2021-02-15,2020,47,Monday
2021-02-16,2020,47,Tuesday
2021-02-17,2020,47,Wednesday
2021-02-18,2020,47,Thursday
2021-02-19,2020,47,Friday
2021-02-20,2020,47,Saturday
2021-02-21,2020,47,Sunday
2021-02-22,2020,48,Monday
2021-02-23,2020,48,Tuesday
2021-02-24,2020,48,Wednesday
2021-02-25,2020,48,Thursday
2021-02-26,2020,48,Friday
2021-02-27,2020,48,Saturday
2021-02-28,2020,48,Sunday
2021-03-01,2020,49,Monday
2021-03-02,2020,49,Tuesday
2021-03-03,2020,49,Wednesday
2021-03-04,2020,49,Thursday
2021-03-05,2020,49,Friday
2021-03-06,2020,49,Saturday
2021-03-07,2020,49,Sunday
2021-03-08,2020,50,Monday
2021-03-09,2020,50,Tuesday
2021-03-10,2020,50,Wednesday
2021-03-11,2020,50,Thursday
2021-03-12,2020,50,Friday
2021-03-13,2020,50,Saturday
2021-03-14,2020,50,Sunday
2021-03-15,2020,51,Monday
2021-03-16,2020,51,Tuesday
2021-03-17,2020,51,Wednesday
2021-03-18,2020,51,Thursday
2021-03-19,2020,51,Friday
2021-03-20,2020,51,Saturday
2021-03-21,2020,51,Sunday
2021-03-22,2020,52,Monday
2021-03-23,2020,52,Tuesday
2021-03-24,2020,52,Wednesday
2021-03-25,2020,52,Thursday
2021-03-26,2020,52,Friday
2021-03-27,2020,52,Saturday
2021-03-28,2020,52,Sunday
2021-03-29,2021,1,Monday
2021-03-30,2021,1,Tuesday
2021-03-31,2021,1,Wednesday
2021-04-01,2021,1,Thursday
2021-04-02,2021,1,Friday
2021-04-03,2021,1,Saturday
2021-04-04,2021,1,Sunday
2021-04-05,2021,2,Monday
2021-04-06,2021,2,Tuesday
2021-04-07,2021,2,Wednesday
2021-04-08,2021,2,Thursday
2021-04-09,2021,2,Friday
2021-04-10,2021,2,Saturday
2021-04-11,2021,2,Sunday
2021-04-12,2021,3,Monday
2021-04-13,2021,3,Tuesday
2021-04-14,2021,3,Wednesday
2021-04-15,2021,3,Thursday
2021-04-16,2021,3,Friday
2021-04-17,2021,3,Saturday
2021-04-18,2021,3,Sunday
2021-04-19,2021,4,Monday
2021-04-20,2021,4,Tuesday
2021-04-21,2021,4,Wednesday
2021-04-22,2021,4,Thursday
2021-04-23,2021,4,Friday
2021-04-24,2021,4,Saturday
2021-04-25,2021,4,Sunday
2021-04-26,2021,5,Monday
2021-04-27,2021,5,Tuesday
2021-04-28,2021,5,Wednesday
2021-04-29,2021,5,Thursday
2021-04-30,2021,5,Friday
2021-05-01,2021,5,Saturday
2021-05-02,2021,5,Sunday
2021-05-03,2021,6,Monday
2021-05-04,2021,6,Tuesday
2021-05-05,2021,6,Wednesday
2021-05-06,2021,6,Thursday
2021-05-07,2021,6,Friday
2021-05-08,2021,6,Saturday
2021-05-09,2021,6,Sunday
2021-05-10,2021,7,Monday
2021-05-11,2021,7,Tuesday
2021-05-12,2021,7,Wednesday
2021-05-13,2021,7,Thursday
2021-05-14,2021,7,Friday
2021-05-15,2021,7,Saturday
2021-05-16,2021,7,Sunday
2021-05-17,2021,8,Monday
2021-05-18,2021,8,Tuesday
2021-05-19,2021,8,Wednesday
2021-05-20,2021,8,Thursday
2021-05-21,2021,8,Friday
2021-05-22,2021,8,Saturday
2021-05-23,2021,8,Sunday
2021-05-24,2021,9,Monday
2021-05-25,2021,9,Tuesday
2021-05-26,2021,9,Wednesday
2021-05-27,2021,9,Thursday
2021-05-28,2021,9,Friday
2021-05-29,2021,9,Saturday
2021-05-30,2021,9,Sunday
2021-05-31,2021,10,Monday
2021-06-01,2021,10,Tuesday
2021-06-02,2021,10,Wednesday
2021-06-03,2021,10,Thursday
2021-06-04,2021,10,Friday
2021-06-05,2021,10,Saturday
2021-06-06,2021,10,Sunday
2021-06-07,2021,11,Monday
2021-06-08,2021,11,Tuesday
2021-06-09,2021,11,Wednesday
2021-06-10,2021,11,Thursday
2021-06-11,2021,11,Friday
2021-06-12,2021,11,Saturday
2021-06-13,2021,11,Sunday
2021-06-14,2021,12,Monday
2021-06-15,2021,12,Tuesday
2021-06-16,2021,12,Wednesday
2021-06-17,2021,12,Thursday
2021-06-18,2021,12,Friday
2021-06-19,2021,12,Saturday
2021-06-20,2021,12,Sunday
2021-06-21,2021,13,Monday
2021-06-22,2021,13,Tuesday
2021-06-23,2021,13,Wednesday
2021-06-24,2021,13,Thursday
2021-06-25,2021,13,Friday
2021-06-26,2021,13,Saturday
2021-06-27,2021,13,Sunday
2021-06-28,2021,14,Monday
2021-06-29,2021,14,Tuesday
2021-06-30,2021,14,Wednesday
2021-07-01,2021,14,Thursday
2021-07-02,2021,14,Friday
2021-07-03,2021,14,Saturday
2021-07-04,2021,14,Sunday
2021-07-05,2021,15,Monday
2021-07-06,2021,15,Tuesday
2021-07-07,2021,15,Wednesday
2021-07-08,2021,15,Thursday
2021-07-09,2021,15,Friday
2021-07-10,2021,15,Saturday
2021-07-11,2021,15,Sunday
2021-07-12,2021,16,Monday
2021-07-13,2021,16,Tuesday
2021-07-14,2021,16,Wednesday
2021-07-15,2021,16,Thursday
2021-07-16,2021,16,Friday
2021-07-17,2021,16,Saturday
2021-07-18,2021,16,Sunday
2021-07-19,2021,17,Monday
2021-07-20,2021,17,Tuesday
2021-07-21,2021,17,Wednesday
2021-07-22,2021,17,Thursday
2021-07-23,2021,17,Friday
2021-07-24,2021,17,Saturday
2021-07-25,2021,17,Sunday
2021-07-26,2021,18,Monday
2021-07-27,2021,18,Tuesday
2021-07-28,2021,18,Wednesday
2021-07-29,2021,18,Thursday
2021-07-30,2021,18,Friday
2021-07-31,2021,18,Saturday
2021-08-01,2021,18,Sunday
2021-08-02,2021,19,Monday
2021-08-03,2021,19,Tuesday
2021-08-04,2021,19,Wednesday
2021-08-05,2021,19,Thursday
2021-08-06,2021,19,Friday
2021-08-07,2021,19,Saturday
2021-08-08,2021,19,Sunday
2021-08-09,2021,20,Monday
2021-08-10,2021,20,Tuesday
2021-08-11,2021,20,Wednesday
2021-08-12,2021,20,Thursday
2021-08-13,2021,20,Friday
2021-08-14,2021,20,Saturday
2021-08-15,2021,20,Sunday
2021-08-16,2021,21,Monday
2021-08-17,2021,21,Tuesday
2021-08-18,2021,21,Wednesday
2021-08-19,2021,21,Thursday
2021-08-20,2021,21,Friday
2021-08-21,2021,21,Saturday
2021-08-22,2021,21,Sunday
2021-08-23,2021,22,Monday
2021-08-24,2021,22,Tuesday
2021-08-25,2021,22,Wednesday
2021-08-26,2021,22,Thursday
2021-08-27,2021,22,Friday
2021-08-28,2021,22,Saturday
2021-08-29,2021,22,Sunday
2021-08-30,2021,23,Monday
2021-08-31,2021,23,Tuesday
2021-09-01,2021,23,Wednesday
2021-09-02,2021,23,Thursday
2021-09-03,2021,23,Friday
2021-09-04,2021,23,Saturday
2021-09-05,2021,23,Sunday
2021-09-06,2021,24,Monday
2021-09-07,2021,24,Tuesday
2021-09-08,2021,24,Wednesday
2021-09-09,2021,24,Thursday
2021-09-10,2021,24,Friday
2021-09-11,2021,24,Saturday
2021-09-12,2021,24,Sunday
2021-09-13,2021,25,Monday
2021-09-14,2021,25,Tuesday
2021-09-15,2021,25,Wednesday
2021-09-16,2021,25,Thursday
2021-09-17,2021,25,Friday
2021-09-18,2021,25,Saturday
2021-09-19,2021,25,Sunday
2021-09-20,2021,26,Monday
2021-09-21,2021,26,Tuesday
2021-09-22,2021,26,Wednesday
2021-09-23,2021,26,Thursday
2021-09-24,2021,26,Friday
2021-09-25,2021,26,Saturday
2021-09-26,2021,26,Sunday
2021-09-27,2021,27,Monday
2021-09-28,2021,27,Tuesday
2021-09-29,2021,27,Wednesday
2021-09-30,2021,27,Thursday
2021-10-01,2021,27,Friday
2021-10-02,2021,27,Saturday
2021-10-03,2021,27,Sunday
2021-10-04,2021,28,Monday
2021-10-05,2021,28,Tuesday
2021-10-06,2021,28,Wednesday
2021-10-07,2021,28,Thursday
2021-10-08,2021,28,Friday
2021-10-09,2021,28,Saturday
2021-10-10,2021,28,Sunday
2021-10-11,2021,29,Monday
2021-10-12,2021,29,Tuesday
2021-10-13,2021,29,Wednesday
2021-10-14,2021,29,Thursday
2021-10-15,2021,29,Friday
2021-10-16,2021,29,Saturday
2021-10-17,2021,29,Sunday
2021-10-18,2021,30,Monday
2021-10-19,2021,30,Tuesday
2021-10-20,2021,30,Wednesday
2021-10-21,2021,30,Thursday
2021-10-22,2021,30,Friday
2021-10-23,2021,30,Saturday
2021-10-24,2021,30,Sunday
2021-10-25,2021,31,Monday
2021-10-26,2021,31,Tuesday
2021-10-27,2021,31,Wednesday
2021-10-28,2021,31,Thursday
2021-10-29,2021,31,Friday
2021-10-30,2021,31,Saturday
2021-10-31,2021,31,Sunday
2021-11-01,2021,32,Monday
2021-11-02,2021,32,Tuesday
2021-11-03,2021,32,Wednesday
2021-11-04,2021,32,Thursday
2021-11-05,2021,32,Friday
2021-11-06,2021,32,Saturday
2021-11-07,2021,32,Sunday
2021-11-08,2021,33,Monday
2021-11-09,2021,33,Tuesday
2021-11-10,2021,33,Wednesday
2021-11-11,2021,33,Thursday
2021-11-12,2021,33,Friday
2021-11-13,2021,33,Saturday
2021-11-14,2021,33,Sunday
2021-11-15,2021,34,Monday
2021-11-16,2021,34,Tuesday
2021-11-17,2021,34,Wednesday
2021-11-18,2021,34,Thursday
2021-11-19,2021,34,Friday
2021-11-20,2021,34,Saturday
2021-11-21,2021,34,Sunday
2021-11-22,2021,35,Monday
2021-11-23,2021,35,Tuesday
2021-11-24,2021,35,Wednesday
2021-11-25,2021,35,Thursday
2021-11-26,2021,35,Friday
2021-11-27,2021,35,Saturday
2021-11-28,2021,35,Sunday
2021-11-29,2021,36,Monday
2021-11-30,2021,36,Tuesday
2021-12-01,2021,36,Wednesday
2021-12-02,2021,36,Thursday
2021-12-03,2021,36,Friday
2021-12-04,2021,36,Saturday
2021-12-05,2021,36,Sunday
2021-12-06,2021,37,Monday
2021-12-07,2021,37,Tuesday
2021-12-08,2021,37,Wednesday
2021-12-09,2021,37,Thursday
2021-12-10,2021,37,Friday
2021-12-11,2021,37,Saturday
2021-12-12,2021,37,Sunday
2021-12-13,2021,38,Monday
2021-12-14,2021,38,Tuesday
2021-12-15,2021,38,Wednesday
2021-12-16,2021,38,Thursday
2021-12-17,2021,38,Friday
2021-12-18,2021,38,Saturday
2021-12-19,2021,38,Sunday
2021-12-20,2021,39,Monday
2021-12-21,2021,39,Tuesday
2021-12-22,2021,39,Wednesday
2021-12-23,2021,39,Thursday
2021-12-24,2021,39,Friday
2021-12-25,2021,39,Saturday
2021-12-26,2021,39,Sunday
2021-12-27,2021,40,Monday
2021-12-28,2021,40,Tuesday
2021-12-29,2021,40,Wednesday
2021-12-30,2021,40,Thursday
2021-12-31,2021,40,Friday
2022-01-01,2021,40,Saturday
2022-01-02,2021,40,Sunday
2022-01-03,2021,41,Monday
2022-01-04,2021,41,Tuesday
2022-01-05,2021,41,Wednesday
2022-01-06,2021,41,Thursday
2022-01-07,2021,41,Friday
2022-01-08,2021,41,Saturday
2022-01-09,2021,41,Sunday
2022-01-10,2021,42,Monday
2022-01-11,2021,42,Tuesday
2022-01-12,2021,42,Wednesday
2022-01-13,2021,42,Thursday
2022-01-14,2021,42,Friday
2022-01-15,2021,42,Saturday
2022-01-16,2021,42,Sunday
2022-01-17,2021,43,Monday
2022-01-18,2021,43,Tuesday
2022-01-19,2021,43,Wednesday
2022-01-20,2021,43,Thursday
2022-01-21,2021,43,Friday
2022-01-22,2021,43,Saturday
2022-01-23,2021,43,Sunday
2022-01-24,2021,44,Monday
2022-01-25,2021,44,Tuesday
2022-01-26,2021,44,Wednesday
2022-01-27,2021,44,Thursday
2022-01-28,2021,44,Friday
2022-01-29,2021,44,Saturday
2022-01-30,2021,44,Sunday
2022-01-31,2021,45,Monday
2022-02-01,2021,45,Tuesday
2022-02-02,2021,45,Wednesday
2022-02-03,2021,45,Thursday
2022-02-04,2021,45,Friday
2022-02-05,2021,45,Saturday
2022-02-06,2021,45,Sunday
2022-02-07,2021,46,Monday
2022-02-08,2021,46,Tuesday
2022-02-09,2021,46,Wednesday
2022-02-10,2021,46,Thursday
2022-02-11,2021,46,Friday
2022-02-12,2021,46,Saturday
2022-02-13,2021,46,Sunday
2022-02-14,2021,47,Monday
2022-02-15,2021,47,Tuesday
2022-02-16,2021,47,Wednesday
2022-02-17,2021,47,Thursday
2022-02-18,2021,47,Friday
2022-02-19,2021,47,Saturday
2022-02-20,2021,47,Sunday
2022-02-21,2021,48,Monday
2022-02-22,2021,48,Tuesday
2022-02-23,2021,48,Wednesday
2022-02-24,2021,48,Thursday
2022-02-25,2021,48,Friday
2022-02-26,2021,48,Saturday
2022-02-27,2021,48,Sunday
2022-02-28,2021,49,Monday
2022-03-01,2021,49,Tuesday
2022-03-02,2021,49,Wednesday
2022-03-03,2021,49,Thursday
2022-03-04,2021,49,Friday
2022-03-05,2021,49,Saturday
2022-03-06,2021,49,Sunday
2022-03-07,2021,50,Monday
2022-03-08,2021,50,Tuesday
2022-03-09,2021,50,Wednesday
2022-03-10,2021,50,Thursday
2022-03-11,2021,50,Friday
2022-03-12,2021,50,Saturday
2022-03-13,2021,50,Sunday
2022-03-14,2021,51,Monday
2022-03-15,2021,51,Tuesday
2022-03-16,2021,51,Wednesday
2022-03-17,2021,51,Thursday
2022-03-18,2021,51,Friday
2022-03-19,2021,51,Saturday
2022-03-20,2021,51,Sunday
2022-03-21,2021,52,Monday
2022-03-22,2021,52,Tuesday
2022-03-23,2021,52,Wednesday
2022-03-24,2021,52,Thursday
2022-03-25,2021,52,Friday
2022-03-26,2021,52,Saturday
2022-03-27,2021,52,Sunday
2022-03-28,2021,53,Monday
2022-03-29,2021,53,Tuesday
2022-03-30,2021,53,Wednesday
2022-03-31,2021,53,Thursday
2022-04-01,2021,53,Friday
2022-04-02,2021,53,Saturday
2022-04-03,2021,53,Sunday
2022-04-04,2022,1,Monday
2022-04-05,2022,1,Tuesday
2022-04-06,2022,1,Wednesday
2022-04-07,2022,1,Thursday
2022-04-08,2022,1,Friday
2022-04-09,2022,1,Saturday
2022-04-10,2022,1,Sunday
2022-04-11,2022,2,Monday
2022-04-12,2022,2,Tuesday
2022-04-13,2022,2,Wednesday
2022-04-14,2022,2,Thursday
2022-04-15,2022,2,Friday
2022-04-16,2022,2,Saturday
2022-04-17,2022,2,Sunday
2022-04-18,2022,3,Monday
2022-04-19,2022,3,Tuesday
2022-04-20,2022,3,Wednesday
2022-04-21,2022,3,Thursday
2022-04-22,2022,3,Friday
2022-04-23,2022,3,Saturday
2022-04-24,2022,3,Sunday
2022-04-25,2022,4,Monday
2022-04-26,2022,4,Tuesday
2022-04-27,2022,4,Wednesday
2022-04-28,2022,4,Thursday
2022-04-29,2022,4,Friday
2022-04-30,2022,4,Saturday
2022-05-01,2022,4,Sunday
2022-05-02,2022,5,Monday
2022-05-03,2022,5,Tuesday
2022-05-04,2022,5,Wednesday
2022-05-05,2022,5,Thursday
2022-05-06,2022,5,Friday
2022-05-07,2022,5,Saturday
2022-05-08,2022,5,Sunday
2022-05-09,2022,6,Monday
2022-05-10,2022,6,Tuesday
2022-05-11,2022,6,Wednesday
2022-05-12,2022,6,Thursday
2022-05-13,2022,6,Friday
2022-05-14,2022,6,Saturday
2022-05-15,2022,6,Sunday
2022-05-16,2022,7,Monday
2022-05-17,2022,7,Tuesday
2022-05-18,2022,7,Wednesday
2022-05-19,2022,7,Thursday
2022-05-20,2022,7,Friday
2022-05-21,2022,7,Saturday
2022-05-22,2022,7,Sunday
2022-05-23,2022,8,Monday
2022-05-24,2022,8,Tuesday
2022-05-25,2022,8,Wednesday
2022-05-26,2022,8,Thursday
2022-05-27,2022,8,Friday
2022-05-28,2022,8,Saturday
2022-05-29,2022,8,Sunday
2022-05-30,2022,9,Monday
2022-05-31,2022,9,Tuesday
2022-06-01,2022,9,Wednesday
2022-06-02,2022,9,Thursday
2022-06-03,2022,9,Friday
2022-06-04,2022,9,Saturday
2022-06-05,2022,9,Sunday
2022-06-06,2022,10,Monday
2022-06-07,2022,10,Tuesday
2022-06-08,2022,10,Wednesday
2022-06-09,2022,10,Thursday
2022-06-10,2022,10,Friday
2022-06-11,2022,10,Saturday
2022-06-12,2022,10,Sunday
2022-06-13,2022,11,Monday
2022-06-14,2022,11,Tuesday
2022-06-15,2022,11,Wednesday
2022-06-16,2022,11,Thursday
2022-06-17,2022,11,Friday
2022-06-18,2022,11,Saturday
2022-06-19,2022,11,Sunday
2022-06-20,2022,12,Monday
2022-06-21,2022,12,Tuesday
2022-06-22,2022,12,Wednesday
2022-06-23,2022,12,Thursday
2022-06-24,2022,12,Friday
2022-06-25,2022,12,Saturday
2022-06-26,2022,12,Sunday
2022-06-27,2022,13,Monday
2022-06-28,2022,13,Tuesday
2022-06-29,2022,13,Wednesday
2022-06-30,2022,13,Thursday
2022-07-01,2022,13,Friday
2022-07-02,2022,13,Saturday
2022-07-03,2022,13,Sunday
2022-07-04,2022,14,Monday
2022-07-05,2022,14,Tuesday
2022-07-06,2022,14,Wednesday
2022-07-07,2022,14,Thursday
2022-07-08,2022,14,Friday
2022-07-09,2022,14,Saturday
2022-07-10,2022,14,Sunday
2022-07-11,2022,15,Monday
2022-07-12,2022,15,Tuesday
2022-07-13,2022,15,Wednesday
2022-07-14,2022,15,Thursday
2022-07-15,2022,15,Friday
2022-07-16,2022,15,Saturday
2022-07-17,2022,15,Sunday
2022-07-18,2022,16,Monday
2022-07-19,2022,16,Tuesday
2022-07-20,2022,16,Wednesday
2022-07-21,2022,16,Thursday
2022-07-22,2022,16,Friday
2022-07-23,2022,16,Saturday
2022-07-24,2022,16,Sunday
2022-07-25,2022,17,Monday
2022-07-26,2022,17,Tuesday
2022-07-27,2022,17,Wednesday
2022-07-28,2022,17,Thursday
2022-07-29,2022,17,Friday
2022-07-30,2022,17,Saturday
2022-07-31,2022,17,Sunday
2022-08-01,2022,18,Monday
2022-08-02,2022,18,Tuesday
2022-08-03,2022,18,Wednesday
2022-08-04,2022,18,Thursday
2022-08-05,2022,18,Friday
2022-08-06,2022,18,Saturday
2022-08-07,2022,18,Sunday
2022-08-08,2022,19,Monday
2022-08-09,2022,19,Tuesday
2022-08-10,2022,19,Wednesday
2022-08-11,2022,19,Thursday
2022-08-12,2022,19,Friday
2022-08-13,2022,19,Saturday
2022-08-14,2022,19,Sunday
2022-08-15,2022,20,Monday
2022-08-16,2022,20,Tuesday
2022-08-17,2022,20,Wednesday
2022-08-18,2022,20,Thursday
2022-08-19,2022,20,Friday
2022-08-20,2022,20,Saturday
2022-08-21,2022,20,Sunday
2022-08-22,2022,21,Monday
2022-08-23,2022,21,Tuesday
2022-08-24,2022,21,Wednesday
2022-08-25,2022,21,Thursday
2022-08-26,2022,21,Friday
2022-08-27,2022,21,Saturday
2022-08-28,2022,21,Sunday
2022-08-29,2022,22,Monday
2022-08-30,2022,22,Tuesday
2022-08-31,2022,22,Wednesday
2022-09-01,2022,22,Thursday
2022-09-02,2022,22,Friday
2022-09-03,2022,22,Saturday
2022-09-04,2022,22,Sunday
2022-09-05,2022,23,Monday
2022-09-06,2022,23,Tuesday
2022-09-07,2022,23,Wednesday
2022-09-08,2022,23,Thursday
2022-09-09,2022,23,Friday
2022-09-10,2022,23,Saturday
2022-09-11,2022,23,Sunday
2022-09-12,2022,24,Monday
2022-09-13,2022,24,Tuesday
2022-09-14,2022,24,Wednesday
2022-09-15,2022,24,Thursday
2022-09-16,2022,24,Friday
2022-09-17,2022,24,Saturday
2022-09-18,2022,24,Sunday
2022-09-19,2022,25,Monday
2022-09-20,2022,25,Tuesday
2022-09-21,2022,25,Wednesday
2022-09-22,2022,25,Thursday
2022-09-23,2022,25,Friday
2022-09-24,2022,25,Saturday
2022-09-25,2022,25,Sunday
2022-09-26,2022,26,Monday
2022-09-27,2022,26,Tuesday
2022-09-28,2022,26,Wednesday
2022-09-29,2022,26,Thursday
2022-09-30,2022,26,Friday
2022-10-01,2022,26,Saturday
2022-10-02,2022,26,Sunday
2022-10-03,2022,27,Monday
2022-10-04,2022,27,Tuesday
2022-10-05,2022,27,Wednesday
2022-10-06,2022,27,Thursday
2022-10-07,2022,27,Friday
2022-10-08,2022,27,Saturday
2022-10-09,2022,27,Sunday
2022-10-10,2022,28,Monday
2022-10-11,2022,28,Tuesday
2022-10-12,2022,28,Wednesday
2022-10-13,2022,28,Thursday
2022-10-14,2022,28,Friday
2022-10-15,2022,28,Saturday
2022-10-16,2022,28,Sunday
2022-10-17,2022,29,Monday
2022-10-18,2022,29,Tuesday
2022-10-19,2022,29,Wednesday
2022-10-20,2022,29,Thursday
2022-10-21,2022,29,Friday
2022-10-22,2022,29,Saturday
2022-10-23,2022,29,Sunday
2022-10-24,2022,30,Monday
2022-10-25,2022,30,Tuesday
2022-10-26,2022,30,Wednesday
2022-10-27,2022,30,Thursday
2022-10-28,2022,30,Friday
2022-10-29,2022,30,Saturday
2022-10-30,2022,30,Sunday
2022-10-31,2022,31,Monday
2022-11-01,2022,31,Tuesday
2022-11-02,2022,31,Wednesday
2022-11-03,2022,31,Thursday
2022-11-04,2022,31,Friday
2022-11-05,2022,31,Saturday
2022-11-06,2022,31,Sunday
2022-11-07,2022,32,Monday
2022-11-08,2022,32,Tuesday
2022-11-09,2022,32,Wednesday
2022-11-10,2022,32,Thursday
2022-11-11,2022,32,Friday
2022-11-12,2022,32,Saturday
2022-11-13,2022,32,Sunday
2022-11-14,2022,33,Monday
2022-11-15,2022,33,Tuesday
2022-11-16,2022,33,Wednesday
2022-11-17,2022,33,Thursday
2022-11-18,2022,33,Friday
2022-11-19,2022,33,Saturday
2022-11-20,2022,33,Sunday
2022-11-21,2022,34,Monday
2022-11-22,2022,34,Tuesday
2022-11-23,2022,34,Wednesday
2022-11-24,2022,34,Thursday
2022-11-25,2022,34,Friday
2022-11-26,2022,34,Saturday
2022-11-27,2022,34,Sunday
2022-11-28,2022,35,Monday
2022-11-29,2022,35,Tuesday
2022-11-30,2022,35,Wednesday
2022-12-01,2022,35,Thursday
2022-12-02,2022,35,Friday
2022-12-03,2022,35,Saturday
2022-12-04,2022,35,Sunday
2022-12-05,2022,36,Monday
2022-12-06,2022,36,Tuesday
2022-12-07,2022,36,Wednesday
2022-12-08,2022,36,Thursday
2022-12-09,2022,36,Friday
2022-12-10,2022,36,Saturday
2022-12-11,2022,36,Sunday
2022-12-12,2022,37,Monday
2022-12-13,2022,37,Tuesday
2022-12-14,2022,37,Wednesday
2022-12-15,2022,37,Thursday
2022-12-16,2022,37,Friday
2022-12-17,2022,37,Saturday
2022-12-18,2022,37,Sunday
2022-12-19,2022,38,Monday
2022-12-20,2022,38,Tuesday
2022-12-21,2022,38,Wednesday
2022-12-22,2022,38,Thursday
2022-12-23,2022,38,Friday
2022-12-24,2022,38,Saturday
2022-12-25,2022,38,Sunday
2022-12-26,2022,39,Monday
2022-12-27,2022,39,Tuesday
2022-12-28,2022,39,Wednesday
2022-12-29,2022,39,Thursday
2022-12-30,2022,39,Friday
2022-12-31,2022,39,Saturday
2023-01-01,2022,39,Sunday
2023-01-02,2022,40,Monday
2023-01-03,2022,40,Tuesday
2023-01-04,2022,40,Wednesday
2023-01-05,2022,40,Thursday
2023-01-06,2022,40,Friday
2023-01-07,2022,40,Saturday
2023-01-08,2022,40,Sunday
2023-01-09,2022,41,Monday
2023-01-10,2022,41,Tuesday
2023-01-11,2022,41,Wednesday
2023-01-12,2022,41,Thursday
2023-01-13,2022,41,Friday
2023-01-14,2022,41,Saturday
2023-01-15,2022,41,Sunday
2023-01-16,2022,42,Monday
2023-01-17,2022,42,Tuesday
2023-01-18,2022,42,Wednesday
2023-01-19,2022,42,Thursday
2023-01-20,2022,42,Friday
2023-01-21,2022,42,Saturday
2023-01-22,2022,42,Sunday
2023-01-23,2022,43,Monday
2023-01-24,2022,43,Tuesday
2023-01-25,2022,43,Wednesday
2023-01-26,2022,43,Thursday
2023-01-27,2022,43,Friday
2023-01-28,2022,43,Saturday
2023-01-29,2022,43,Sunday
2023-01-30,2022,44,Monday
2023-01-31,2022,44,Tuesday
2023-02-01,2022,44,Wednesday
2023-02-02,2022,44,Thursday
2023-02-03,2022,44,Friday
2023-02-04,2022,44,Saturday
2023-02-05,2022,44,Sunday
2023-02-06,2022,45,Monday
2023-02-07,2022,45,Tuesday
2023-02-08,2022,45,Wednesday
2023-02-09,2022,45,Thursday
2023-02-10,2022,45,Friday
2023-02-11,2022,45,Saturday
2023-02-12,2022,45,Sunday
2023-02-13,2022,46,Monday
2023-02-14,2022,46,Tuesday
2023-02-15,2022,46,Wednesday
2023-02-16,2022,46,Thursday
2023-02-17,2022,46,Friday
2023-02-18,2022,46,Saturday
2023-02-19,2022,46,Sunday
2023-02-20,2022,47,Monday
2023-02-21,2022,47,Tuesday
2023-02-22,2022,47,Wednesday
2023-02-23,2022,47,Thursday
2023-02-24,2022,47,Friday
2023-02-25,2022,47,Saturday
2023-02-26,2022,47,Sunday
2023-02-27,2022,48,Monday
2023-02-28,2022,48,Tuesday
2023-03-01,2022,48,Wednesday
2023-03-02,2022,48,Thursday
2023-03-03,2022,48,Friday
2023-03-04,2022,48,Saturday
2023-03-05,2022,48,Sunday
2023-03-06,2022,49,Monday
2023-03-07,2022,49,Tuesday
2023-03-08,2022,49,Wednesday
2023-03-09,2022,49,Thursday
2023-03-10,2022,49,Friday
2023-03-11,2022,49,Saturday
2023-03-12,2022,49,Sunday
2023-03-13,2022,50,Monday
2023-03-14,2022,50,Tuesday
2023-03-15,2022,50,Wednesday
2023-03-16,2022,50,Thursday
2023-03-17,2022,50,Friday
2023-03-18,2022,50,Saturday
2023-03-19,2022,50,Sunday
2023-03-20,2022,51,Monday
2023-03-21,2022,51,Tuesday
2023-03-22,2022,51,Wednesday
2023-03-23,2022,51,Thursday
2023-03-24,2022,51,Friday
2023-03-25,2022,51,Saturday
2023-03-26,2022,51,Sunday
2023-03-27,2022,52,Monday
2023-03-28,2022,52,Tuesday
2023-03-29,2022,52,Wednesday
2023-03-30,2022,52,Thursday
2023-03-31,2022,52,Friday
2023-04-01,2022,52,Saturday
2023-04-02,2022,52,Sunday
2023-04-03,2023,1,Monday
2023-04-04,2023,1,Tuesday
2023-04-05,2023,1,Wednesday
2023-04-06,2023,1,Thursday
2023-04-07,2023,1,Friday
2023-04-08,2023,1,Saturday
2023-04-09,2023,1,Sunday
2023-04-10,2023,2,Monday
2023-04-11,2023,2,Tuesday
2023-04-12,2023,2,Wednesday
2023-04-13,2023,2,Thursday
2023-04-14,2023,2,Friday
2023-04-15,2023,2,Saturday
2023-04-16,2023,2,Sunday
2023-04-17,2023,3,Monday
2023-04-18,2023,3,Tuesday
2023-04-19,2023,3,Wednesday
2023-04-20,2023,3,Thursday
2023-04-21,2023,3,Friday
2023-04-22,2023,3,Saturday
2023-04-23,2023,3,Sunday
2023-04-24,2023,4,Monday
2023-04-25,2023,4,Tuesday
2023-04-26,2023,4,Wednesday
2023-04-27,2023,4,Thursday
2023-04-28,2023,4,Friday
2023-04-29,2023,4,Saturday
2023-04-30,2023,4,Sunday
2023-05-01,2023,5,Monday
2023-05-02,2023,5,Tuesday
2023-05-03,2023,5,Wednesday
2023-05-04,2023,5,Thursday
2023-05-05,2023,5,Friday
2023-05-06,2023,5,Saturday
2023-05-07,2023,5,Sunday
2023-05-08,2023,6,Monday
2023-05-09,2023,6,Tuesday
2023-05-10,2023,6,Wednesday
2023-05-11,2023,6,Thursday
2023-05-12,2023,6,Friday
2023-05-13,2023,6,Saturday
2023-05-14,2023,6,Sunday
2023-05-15,2023,7,Monday
2023-05-16,2023,7,Tuesday
2023-05-17,2023,7,Wednesday
2023-05-18,2023,7,Thursday
2023-05-19,2023,7,Friday
2023-05-20,2023,7,Saturday
2023-05-21,2023,7,Sunday
2023-05-22,2023,8,Monday
2023-05-23,2023,8,Tuesday
2023-05-24,2023,8,Wednesday
2023-05-25,2023,8,Thursday
2023-05-26,2023,8,Friday
2023-05-27,2023,8,Saturday
2023-05-28,2023,8,Sunday
2023-05-29,2023,9,Monday
2023-05-30,2023,9,Tuesday
2023-05-31,2023,9,Wednesday
2023-06-01,2023,9,Thursday
2023-06-02,2023,9,Friday
2023-06-03,2023,9,Saturday
2023-06-04,2023,9,Sunday
2023-06-05,2023,10,Monday
2023-06-06,2023,10,Tuesday
2023-06-07,2023,10,Wednesday
2023-06-08,2023,10,Thursday
2023-06-09,2023,10,Friday
2023-06-10,2023,10,Saturday
2023-06-11,2023,10,Sunday
2023-06-12,2023,11,Monday
2023-06-13,2023,11,Tuesday
2023-06-14,2023,11,Wednesday
2023-06-15,2023,11,Thursday
2023-06-16,2023,11,Friday
2023-06-17,2023,11,Saturday
2023-06-18,2023,11,Sunday
2023-06-19,2023,12,Monday
2023-06-20,2023,12,Tuesday
2023-06-21,2023,12,Wednesday
2023-06-22,2023,12,Thursday
2023-06-23,2023,12,Friday
2023-06-24,2023,12,Saturday
2023-06-25,2023,12,Sunday
2023-06-26,2023,13,Monday
2023-06-27,2023,13,Tuesday
2023-06-28,2023,13,Wednesday
2023-06-29,2023,13,Thursday
2023-06-30,2023,13,Friday
2023-07-01,2023,13,Saturday
2023-07-02,2023,13,Sunday
2023-07-03,2023,14,Monday
2023-07-04,2023,14,Tuesday
2023-07-05,2023,14,Wednesday
2023-07-06,2023,14,Thursday
2023-07-07,2023,14,Friday
2023-07-08,2023,14,Saturday
2023-07-09,2023,14,Sunday
2023-07-10,2023,15,Monday
2023-07-11,2023,15,Tuesday
2023-07-12,2023,15,Wednesday
2023-07-13,2023,15,Thursday
2023-07-14,2023,15,Friday
2023-07-15,2023,15,Saturday
2023-07-16,2023,15,Sunday
2023-07-17,2023,16,Monday
2023-07-18,2023,16,Tuesday
2023-07-19,2023,16,Wednesday
2023-07-20,2023,16,Thursday
2023-07-21,2023,16,Friday
2023-07-22,2023,16,Saturday
2023-07-23,2023,16,Sunday
2023-07-24,2023,17,Monday
2023-07-25,2023,17,Tuesday
2023-07-26,2023,17,Wednesday
2023-07-27,2023,17,Thursday
2023-07-28,2023,17,Friday
2023-07-29,2023,17,Saturday
2023-07-30,2023,17,Sunday
2023-07-31,2023,18,Monday
2023-08-01,2023,18,Tuesday
2023-08-02,2023,18,Wednesday
2023-08-03,2023,18,Thursday
2023-08-04,2023,18,Friday
2023-08-05,2023,18,Saturday
2023-08-06,2023,18,Sunday
2023-08-07,2023,19,Monday
2023-08-08,2023,19,Tuesday
2023-08-09,2023,19,Wednesday
2023-08-10,2023,19,Thursday
2023-08-11,2023,19,Friday
2023-08-12,2023,19,Saturday
2023-08-13,2023,19,Sunday
2023-08-14,2023,20,Monday
2023-08-15,2023,20,Tuesday
2023-08-16,2023,20,Wednesday
2023-08-17,2023,20,Thursday
2023-08-18,2023,20,Friday
2023-08-19,2023,20,Saturday
2023-08-20,2023,20,Sunday
2023-08-21,2023,21,Monday
2023-08-22,2023,21,Tuesday
2023-08-23,2023,21,Wednesday
2023-08-24,2023,21,Thursday
2023-08-25,2023,21,Friday
2023-08-26,2023,21,Saturday
2023-08-27,2023,21,Sunday
2023-08-28,2023,22,Monday
2023-08-29,2023,22,Tuesday
2023-08-30,2023,22,Wednesday
2023-08-31,2023,22,Thursday
2023-09-01,2023,22,Friday
2023-09-02,2023,22,Saturday
2023-09-03,2023,22,Sunday
2023-09-04,2023,23,Monday
2023-09-05,2023,23,Tuesday
2023-09-06,2023,23,Wednesday
2023-09-07,2023,23,Thursday
2023-09-08,2023,23,Friday
2023-09-09,2023,23,Saturday
2023-09-10,2023,23,Sunday
2023-09-11,2023,24,Monday
2023-09-12,2023,24,Tuesday
2023-09-13,2023,24,Wednesday
2023-09-14,2023,24,Thursday
2023-09-15,2023,24,Friday
2023-09-16,2023,24,Saturday
2023-09-17,2023,24,Sunday
2023-09-18,2023,25,Monday
2023-09-19,2023,25,Tuesday
2023-09-20,2023,25,Wednesday
2023-09-21,2023,25,Thursday
2023-09-22,2023,25,Friday
2023-09-23,2023,25,Saturday
2023-09-24,2023,25,Sunday
2023-09-25,2023,26,Monday
2023-09-26,2023,26,Tuesday
2023-09-27,2023,26,Wednesday
2023-09-28,2023,26,Thursday
2023-09-29,2023,26,Friday
2023-09-30,2023,26,Saturday
2023-10-01,2023,26,Sunday
2023-10-02,2023,27,Monday
2023-10-03,2023,27,Tuesday
2023-10-04,2023,27,Wednesday
2023-10-05,2023,27,Thursday
2023-10-06,2023,27,Friday
2023-10-07,2023,27,Saturday
2023-10-08,2023,27,Sunday
2023-10-09,2023,28,Monday
2023-10-10,2023,28,Tuesday
2023-10-11,2023,28,Wednesday
2023-10-12,2023,28,Thursday
2023-10-13,2023,28,Friday
2023-10-14,2023,28,Saturday
2023-10-15,2023,28,Sunday
2023-10-16,2023,29,Monday
2023-10-17,2023,29,Tuesday
2023-10-18,2023,29,Wednesday
2023-10-19,2023,29,Thursday
2023-10-20,2023,29,Friday
2023-10-21,2023,29,Saturday
2023-10-22,2023,29,Sunday
2023-10-23,2023,30,Monday
2023-10-24,2023,30,Tuesday
2023-10-25,2023,30,Wednesday
2023-10-26,2023,30,Thursday
2023-10-27,2023,30,Friday
2023-10-28,2023,30,Saturday
2023-10-29,2023,30,Sunday
2023-10-30,2023,31,Monday
2023-10-31,2023,31,Tuesday
2023-11-01,2023,31,Wednesday
2023-11-02,2023,31,Thursday
2023-11-03,2023,31,Friday
2023-11-04,2023,31,Saturday
2023-11-05,2023,31,Sunday
2023-11-06,2023,32,Monday
2023-11-07,2023,32,Tuesday
2023-11-08,2023,32,Wednesday
2023-11-09,2023,32,Thursday
2023-11-10,2023,32,Friday
2023-11-11,2023,32,Saturday
2023-11-12,2023,32,Sunday
2023-11-13,2023,33,Monday
2023-11-14,2023,33,Tuesday
2023-11-15,2023,33,Wednesday
2023-11-16,2023,33,Thursday
2023-11-17,2023,33,Friday
2023-11-18,2023,33,Saturday
2023-11-19,2023,33,Sunday
2023-11-20,2023,34,Monday
2023-11-21,2023,34,Tuesday
2023-11-22,2023,34,Wednesday
2023-11-23,2023,34,Thursday
2023-11-24,2023,34,Friday
2023-11-25,2023,34,Saturday
2023-11-26,2023,34,Sunday
2023-11-27,2023,35,Monday
2023-11-28,2023,35,Tuesday
2023-11-29,2023,35,Wednesday
2023-11-30,2023,35,Thursday
2023-12-01,2023,35,Friday
2023-12-02,2023,35,Saturday
2023-12-03,2023,35,Sunday
2023-12-04,2023,36,Monday
2023-12-05,2023,36,Tuesday
2023-12-06,2023,36,Wednesday
2023-12-07,2023,36,Thursday
2023-12-08,2023,36,Friday
2023-12-09,2023,36,Saturday
2023-12-10,2023,36,Sunday
2023-12-11,2023,37,Monday
2023-12-12,2023,37,Tuesday
2023-12-13,2023,37,Wednesday
2023-12-14,2023,37,Thursday
2023-12-15,2023,37,Friday
2023-12-16,2023,37,Saturday
2023-12-17,2023,37,Sunday
2023-12-18,2023,38,Monday
2023-12-19,2023,38,Tuesday
2023-12-20,2023,38,Wednesday
2023-12-21,2023,38,Thursday
2023-12-22,2023,38,Friday
2023-12-23,2023,38,Saturday
2023-12-24,2023,38,Sunday
2023-12-25,2023,39,Monday
2023-12-26,2023,39,Tuesday
2023-12-27,2023,39,Wednesday
2023-12-28,2023,39,Thursday
2023-12-29,2023,39,Friday
2023-12-30,2023,39,Saturday
2023-12-31,2023,39,Sunday
2024-01-01,2023,40,Monday
2024-01-02,2023,40,Tuesday
2024-01-03,2023,40,Wednesday
2024-01-04,2023,40,Thursday
2024-01-05,2023,40,Friday
2024-01-06,2023,40,Saturday
2024-01-07,2023,40,Sunday
2024-01-08,2023,41,Monday
2024-01-09,2023,41,Tuesday
2024-01-10,2023,41,Wednesday
2024-01-11,2023,41,Thursday
2024-01-12,2023,41,Friday
2024-01-13,2023,41,Saturday
2024-01-14,2023,41,Sunday
2024-01-15,2023,42,Monday
2024-01-16,2023,42,Tuesday
2024-01-17,2023,42,Wednesday
2024-01-18,2023,42,Thursday
2024-01-19,2023,42,Friday
2024-01-20,2023,42,Saturday
2024-01-21,2023,42,Sunday
2024-01-22,2023,43,Monday
2024-01-23,2023,43,Tuesday
2024-01-24,2023,43,Wednesday
2024-01-25,2023,43,Thursday
2024-01-26,2023,43,Friday
2024-01-27,2023,43,Saturday
2024-01-28,2023,43,Sunday
2024-01-29,2023,44,Monday
2024-01-30,2023,44,Tuesday
2024-01-31,2023,44,Wednesday
2024-02-01,2023,44,Thursday
2024-02-02,2023,44,Friday
2024-02-03,2023,44,Saturday
2024-02-04,2023,44,Sunday
2024-02-05,2023,45,Monday
2024-02-06,2023,45,Tuesday
2024-02-07,2023,45,Wednesday
2024-02-08,2023,45,Thursday
2024-02-09,2023,45,Friday
2024-02-10,2023,45,Saturday
2024-02-11,2023,45,Sunday
2024-02-12,2023,46,Monday
2024-02-13,2023,46,Tuesday
2024-02-14,2023,46,Wednesday
2024-02-15,2023,46,Thursday
2024-02-16,2023,46,Friday
2024-02-17,2023,46,Saturday
2024-02-18,2023,46,Sunday
2024-02-19,2023,47,Monday
2024-02-20,2023,47,Tuesday
2024-02-21,2023,47,Wednesday
2024-02-22,2023,47,Thursday
2024-02-23,2023,47,Friday
2024-02-24,2023,47,Saturday
2024-02-25,2023,47,Sunday
2024-02-26,2023,48,Monday
2024-02-27,2023,48,Tuesday
2024-02-28,2023,48,Wednesday
2024-02-29,2023,48,Thursday
2024-03-01,2023,48,Friday
2024-03-02,2023,48,Saturday
2024-03-03,2023,48,Sunday
2024-03-04,2023,49,Monday
2024-03-05,2023,49,Tuesday
2024-03-06,2023,49,Wednesday
2024-03-07,2023,49,Thursday
2024-03-08,2023,49,Friday
2024-03-09,2023,49,Saturday
2024-03-10,2023,49,Sunday
2024-03-11,2023,50,Monday
2024-03-12,2023,50,Tuesday
2024-03-13,2023,50,Wednesday
2024-03-14,2023,50,Thursday
2024-03-15,2023,50,Friday
2024-03-16,2023,50,Saturday
2024-03-17,2023,50,Sunday
2024-03-18,2023,51,Monday
2024-03-19,2023,51,Tuesday
2024-03-20,2023,51,Wednesday
2024-03-21,2023,51,Thursday
2024-03-22,2023,51,Friday
2024-03-23,2023,51,Saturday
2024-03-24,2023,51,Sunday
2024-03-25,2023,52,Monday
2024-03-26,2023,52,Tuesday
2024-03-27,2023,52,Wednesday
2024-03-28,2023,52,Thursday
2024-03-29,2023,52,Friday
2024-03-30,2023,52,Saturday
2024-03-31,2023,52,Sunday
2024-04-01,2024,1,Monday
2024-04-02,2024,1,Tuesday
2024-04-03,2024,1,Wednesday
2024-04-04,2024,1,Thursday
2024-04-05,2024,1,Friday
2024-04-06,2024,1,Saturday
2024-04-07,2024,1,Sunday
2024-04-08,2024,2,Monday
2024-04-09,2024,2,Tuesday
2024-04-10,2024,2,Wednesday
2024-04-11,2024,2,Thursday
2024-04-12,2024,2,Friday
2024-04-13,2024,2,Saturday
2024-04-14,2024,2,Sunday
2024-04-15,2024,3,Monday
2024-04-16,2024,3,Tuesday
2024-04-17,2024,3,Wednesday
2024-04-18,2024,3,Thursday
2024-04-19,2024,3,Friday
2024-04-20,2024,3,Saturday
2024-04-21,2024,3,Sunday
2024-04-22,2024,4,Monday
2024-04-23,2024,4,Tuesday
2024-04-24,2024,4,Wednesday
2024-04-25,2024,4,Thursday
2024-04-26,2024,4,Friday
2024-04-27,2024,4,Saturday
2024-04-28,2024,4,Sunday
2024-04-29,2024,5,Monday
2024-04-30,2024,5,Tuesday
2024-05-01,2024,5,Wednesday
2024-05-02,2024,5,Thursday
2024-05-03,2024,5,Friday
2024-05-04,2024,5,Saturday
2024-05-05,2024,5,Sunday
2024-05-06,2024,6,Monday
2024-05-07,2024,6,Tuesday
2024-05-08,2024,6,Wednesday
2024-05-09,2024,6,Thursday
2024-05-10,2024,6,Friday
2024-05-11,2024,6,Saturday
2024-05-12,2024,6,Sunday
2024-05-13,2024,7,Monday
2024-05-14,2024,7,Tuesday
2024-05-15,2024,7,Wednesday
2024-05-16,2024,7,Thursday
2024-05-17,2024,7,Friday
2024-05-18,2024,7,Saturday
2024-05-19,2024,7,Sunday
2024-05-20,2024,8,Monday
2024-05-21,2024,8,Tuesday
2024-05-22,2024,8,Wednesday
2024-05-23,2024,8,Thursday
2024-05-24,2024,8,Friday
2024-05-25,2024,8,Saturday
2024-05-26,2024,8,Sunday
2024-05-27,2024,9,Monday
2024-05-28,2024,9,Tuesday
2024-05-29,2024,9,Wednesday
2024-05-30,2024,9,Thursday
2024-05-31,2024,9,Friday
2024-06-01,2024,9,Saturday
2024-06-02,2024,9,Sunday
2024-06-03,2024,10,Monday
2024-06-04,2024,10,Tuesday
2024-06-05,2024,10,Wednesday
2024-06-06,2024,10,Thursday
2024-06-07,2024,10,Friday
2024-06-08,2024,10,Saturday
2024-06-09,2024,10,Sunday
2024-06-10,2024,11,Monday
2024-06-11,2024,11,Tuesday
2024-06-12,2024,11,Wednesday
2024-06-13,2024,11,Thursday
2024-06-14,2024,11,Friday
2024-06-15,2024,11,Saturday
2024-06-16,2024,11,Sunday
2024-06-17,2024,12,Monday
2024-06-18,2024,12,Tuesday
2024-06-19,2024,12,Wednesday
2024-06-20,2024,12,Thursday
2024-06-21,2024,12,Friday
2024-06-22,2024,12,Saturday
2024-06-23,2024,12,Sunday
2024-06-24,2024,13,Monday
2024-06-25,2024,13,Tuesday
2024-06-26,2024,13,Wednesday
2024-06-27,2024,13,Thursday
2024-06-28,2024,13,Friday
2024-06-29,2024,13,Saturday
2024-06-30,2024,13,Sunday
2024-07-01,2024,14,Monday
2024-07-02,2024,14,Tuesday
2024-07-03,2024,14,Wednesday
2024-07-04,2024,14,Thursday
2024-07-05,2024,14,Friday
2024-07-06,2024,14,Saturday
2024-07-07,2024,14,Sunday
2024-07-08,2024,15,Monday
2024-07-09,2024,15,Tuesday
2024-07-10,2024,15,Wednesday
2024-07-11,2024,15,Thursday
2024-07-12,2024,15,Friday
2024-07-13,2024,15,Saturday
2024-07-14,2024,15,Sunday
2024-07-15,2024,16,Monday
2024-07-16,2024,16,Tuesday
2024-07-17,2024,16,Wednesday
2024-07-18,2024,16,Thursday
2024-07-19,2024,16,Friday
2024-07-20,2024,16,Saturday
2024-07-21,2024,16,Sunday
2024-07-22,2024,17,Monday
2024-07-23,2024,17,Tuesday
2024-07-24,2024,17,Wednesday
2024-07-25,2024,17,Thursday
2024-07-26,2024,17,Friday
2024-07-27,2024,17,Saturday
2024-07-28,2024,17,Sunday
2024-07-29,2024,18,Monday
2024-07-30,2024,18,Tuesday
2024-07-31,2024,18,Wednesday
2024-08-01,2024,18,Thursday
2024-08-02,2024,18,Friday
2024-08-03,2024,18,Saturday
2024-08-04,2024,18,Sunday
2024-08-05,2024,19,Monday
2024-08-06,2024,19,Tuesday
2024-08-07,2024,19,Wednesday
2024-08-08,2024,19,Thursday
2024-08-09,2024,19,Friday
2024-08-10,2024,19,Saturday
2024-08-11,2024,19,Sunday
2024-08-12,2024,20,Monday
2024-08-13,2024,20,Tuesday
2024-08-14,2024,20,Wednesday
2024-08-15,2024,20,Thursday
2024-08-16,2024,20,Friday
2024-08-17,2024,20,Saturday
2024-08-18,2024,20,Sunday
2024-08-19,2024,21,Monday
2024-08-20,2024,21,Tuesday
2024-08-21,2024,21,Wednesday
2024-08-22,2024,21,Thursday
2024-08-23,2024,21,Friday
2024-08-24,2024,21,Saturday
2024-08-25,2024,21,Sunday
2024-08-26,2024,22,Monday
2024-08-27,2024,22,Tuesday
2024-08-28,2024,22,Wednesday
2024-08-29,2024,22,Thursday
2024-08-30,2024,22,Friday
2024-08-31,2024,22,Saturday
2024-09-01,2024,22,Sunday
2024-09-02,2024,23,Monday
2024-09-03,2024,23,Tuesday
2024-09-04,2024,23,Wednesday
2024-09-05,2024,23,Thursday
2024-09-06,2024,23,Friday
2024-09-07,2024,23,Saturday
2024-09-08,2024,23,Sunday
2024-09-09,2024,24,Monday
2024-09-10,2024,24,Tuesday
2024-09-11,2024,24,Wednesday
2024-09-12,2024,24,Thursday
2024-09-13,2024,24,Friday
2024-09-14,2024,24,Saturday
2024-09-15,2024,24,Sunday
2024-09-16,2024,25,Monday
2024-09-17,2024,25,Tuesday
2024-09-18,2024,25,Wednesday
2024-09-19,2024,25,Thursday
2024-09-20,2024,25,Friday
2024-09-21,2024,25,Saturday
2024-09-22,2024,25,Sunday
2024-09-23,2024,26,Monday
2024-09-24,2024,26,Tuesday
2024-09-25,2024,26,Wednesday
2024-09-26,2024,26,Thursday
2024-09-27,2024,26,Friday
2024-09-28,2024,26,Saturday
2024-09-29,2024,26,Sunday
2024-09-30,2024,27,Monday
2024-10-01,2024,27,Tuesday
2024-10-02,2024,27,Wednesday
2024-10-03,2024,27,Thursday
2024-10-04,2024,27,Friday
2024-10-05,2024,27,Saturday
2024-10-06,2024,27,Sunday
2024-10-07,2024,28,Monday
2024-10-08,2024,28,Tuesday
2024-10-09,2024,28,Wednesday
2024-10-10,2024,28,Thursday
2024-10-11,2024,28,Friday
2024-10-12,2024,28,Saturday
2024-10-13,2024,28,Sunday
2024-10-14,2024,29,Monday
2024-10-15,2024,29,Tuesday
2024-10-16,2024,29,Wednesday
2024-10-17,2024,29,Thursday
2024-10-18,2024,29,Friday
2024-10-19,2024,29,Saturday
2024-10-20,2024,29,Sunday
2024-10-21,2024,30,Monday
2024-10-22,2024,30,Tuesday
2024-10-23,2024,30,Wednesday
2024-10-24,2024,30,Thursday
2024-10-25,2024,30,Friday
2024-10-26,2024,30,Saturday
2024-10-27,2024,30,Sunday
2024-10-28,2024,31,Monday
2024-10-29,2024,31,Tuesday
2024-10-30,2024,31,Wednesday
2024-10-31,2024,31,Thursday
2024-11-01,2024,31,Friday
2024-11-02,2024,31,Saturday
2024-11-03,2024,31,Sunday
2024-11-04,2024,32,Monday
2024-11-05,2024,32,Tuesday
2024-11-06,2024,32,Wednesday
2024-11-07,2024,32,Thursday
2024-11-08,2024,32,Friday
2024-11-09,2024,32,Saturday
2024-11-10,2024,32,Sunday
2024-11-11,2024,33,Monday
2024-11-12,2024,33,Tuesday
2024-11-13,2024,33,Wednesday
2024-11-14,2024,33,Thursday
2024-11-15,2024,33,Friday
2024-11-16,2024,33,Saturday
2024-11-17,2024,33,Sunday
2024-11-18,2024,34,Monday
2024-11-19,2024,34,Tuesday
2024-11-20,2024,34,Wednesday
2024-11-21,2024,34,Thursday
2024-11-22,2024,34,Friday
2024-11-23,2024,34,Saturday
2024-11-24,2024,34,Sunday
2024-11-25,2024,35,Monday
2024-11-26,2024,35,Tuesday
2024-11-27,2024,35,Wednesday
2024-11-28,2024,35,Thursday
2024-11-29,2024,35,Friday
2024-11-30,2024,35,Saturday
2024-12-01,2024,35,Sunday
2024-12-02,2024,36,Monday
2024-12-03,2024,36,Tuesday
2024-12-04,2024,36,Wednesday
2024-12-05,2024,36,Thursday
2024-12-06,2024,36,Friday
2024-12-07,2024,36,Saturday
2024-12-08,2024,36,Sunday
2024-12-09,2024,37,Monday
2024-12-10,2024,37,Tuesday
2024-12-11,2024,37,Wednesday
2024-12-12,2024,37,Thursday
2024-12-13,2024,37,Friday
2024-12-14,2024,37,Saturday
2024-12-15,2024,37,Sunday
2024-12-16,2024,38,Monday
2024-12-17,2024,38,Tuesday
2024-12-18,2024,38,Wednesday
2024-12-19,2024,38,Thursday
2024-12-20,2024,38,Friday
2024-12-21,2024,38,Saturday
2024-12-22,2024,38,Sunday
2024-12-23,2024,39,Monday
2024-12-24,2024,39,Tuesday
2024-12-25,2024,39,Wednesday
2024-12-26,2024,39,Thursday
2024-12-27,2024,39,Friday
2024-12-28,2024,39,Saturday
2024-12-29,2024,39,Sunday
2024-12-30,2024,40,Monday
2024-12-31,2024,40,Tuesday
2025-01-01,2024,40,Wednesday
2025-01-02,2024,40,Thursday
2025-01-03,2024,40,Friday
2025-01-04,2024,40,Saturday
2025-01-05,2024,40,Sunday
2025-01-06,2024,41,Monday
2025-01-07,2024,41,Tuesday
2025-01-08,2024,41,Wednesday
2025-01-09,2024,41,Thursday
2025-01-10,2024,41,Friday
2025-01-11,2024,41,Saturday
2025-01-12,2024,41,Sunday
2025-01-13,2024,42,Monday
2025-01-14,2024,42,Tuesday
2025-01-15,2024,42,Wednesday
2025-01-16,2024,42,Thursday
2025-01-17,2024,42,Friday
2025-01-18,2024,42,Saturday
2025-01-19,2024,42,Sunday
2025-01-20,2024,43,Monday
2025-01-21,2024,43,Tuesday
2025-01-22,2024,43,Wednesday
2025-01-23,2024,43,Thursday
2025-01-24,2024,43,Friday
2025-01-25,2024,43,Saturday
2025-01-26,2024,43,Sunday
2025-01-27,2024,44,Monday
2025-01-28,2024,44,Tuesday
2025-01-29,2024,44,Wednesday
2025-01-30,2024,44,Thursday
2025-01-31,2024,44,Friday
2025-02-01,2024,44,Saturday
2025-02-02,2024,44,Sunday
2025-02-03,2024,45,Monday
2025-02-04,2024,45,Tuesday
2025-02-05,2024,45,Wednesday
2025-02-06,2024,45,Thursday
2025-02-07,2024,45,Friday
2025-02-08,2024,45,Saturday
2025-02-09,2024,45,Sunday
2025-02-10,2024,46,Monday
2025-02-11,2024,46,Tuesday
2025-02-12,2024,46,Wednesday
2025-02-13,2024,46,Thursday
2025-02-14,2024,46,Friday
2025-02-15,2024,46,Saturday
2025-02-16,2024,46,Sunday
2025-02-17,2024,47,Monday
2025-02-18,2024,47,Tuesday
2025-02-19,2024,47,Wednesday
2025-02-20,2024,47,Thursday
2025-02-21,2024,47,Friday
2025-02-22,2024,47,Saturday
2025-02-23,2024,47,Sunday
2025-02-24,2024,48,Monday
2025-02-25,2024,48,Tuesday
2025-02-26,2024,48,Wednesday
2025-02-27,2024,48,Thursday
2025-02-28,2024,48,Friday
2025-03-01,2024,48,Saturday
2025-03-02,2024,48,Sunday
2025-03-03,2024,49,Monday
2025-03-04,2024,49,Tuesday
2025-03-05,2024,49,Wednesday
2025-03-06,2024,49,Thursday
2025-03-07,2024,49,Friday
2025-03-08,2024,49,Saturday
2025-03-09,2024,49,Sunday
2025-03-10,2024,50,Monday
2025-03-11,2024,50,Tuesday
2025-03-12,2024,50,Wednesday
2025-03-13,2024,50,Thursday
2025-03-14,2024,50,Friday
2025-03-15,2024,50,Saturday
2025-03-16,2024,50,Sunday
2025-03-17,2024,51,Monday
2025-03-18,2024,51,Tuesday
2025-03-19,2024,51,Wednesday
2025-03-20,2024,51,Thursday
2025-03-21,2024,51,Friday
2025-03-22,2024,51,Saturday
2025-03-23,2024,51,Sunday
2025-03-24,2024,52,Monday
2025-03-25,2024,52,Tuesday
2025-03-26,2024,52,Wednesday
2025-03-27,2024,52,Thursday
2025-03-28,2024,52,Friday
2025-03-29,2024,52,Saturday
2025-03-30,2024,52,Sunday
2025-03-31,2025,1,Monday
2025-04-01,2025,1,Tuesday
2025-04-02,2025,1,Wednesday
2025-04-03,2025,1,Thursday
2025-04-04,2025,1,Friday
2025-04-05,2025,1,Saturday
2025-04-06,2025,1,Sunday
2025-04-07,2025,2,Monday
2025-04-08,2025,2,Tuesday
2025-04-09,2025,2,Wednesday
2025-04-10,2025,2,Thursday
2025-04-11,2025,2,Friday
2025-04-12,2025,2,Saturday
2025-04-13,2025,2,Sunday
2025-04-14,2025,3,Monday
2025-04-15,2025,3,Tuesday
2025-04-16,2025,3,Wednesday
2025-04-17,2025,3,Thursday
2025-04-18,2025,3,Friday
2025-04-19,2025,3,Saturday
2025-04-20,2025,3,Sunday
2025-04-21,2025,4,Monday
2025-04-22,2025,4,Tuesday
2025-04-23,2025,4,Wednesday
2025-04-24,2025,4,Thursday
2025-04-25,2025,4,Friday
2025-04-26,2025,4,Saturday
2025-04-27,2025,4,Sunday
2025-04-28,2025,5,Monday
2025-04-29,2025,5,Tuesday
2025-04-30,2025,5,Wednesday
2025-05-01,2025,5,Thursday
2025-05-02,2025,5,Friday
2025-05-03,2025,5,Saturday
2025-05-04,2025,5,Sunday
2025-05-05,2025,6,Monday
2025-05-06,2025,6,Tuesday
2025-05-07,2025,6,Wednesday
2025-05-08,2025,6,Thursday
2025-05-09,2025,6,Friday
2025-05-10,2025,6,Saturday
2025-05-11,2025,6,Sunday
2025-05-12,2025,7,Monday
2025-05-13,2025,7,Tuesday
2025-05-14,2025,7,Wednesday
2025-05-15,2025,7,Thursday
2025-05-16,2025,7,Friday
2025-05-17,2025,7,Saturday
2025-05-18,2025,7,Sunday
2025-05-19,2025,8,Monday
2025-05-20,2025,8,Tuesday
2025-05-21,2025,8,Wednesday
2025-05-22,2025,8,Thursday
2025-05-23,2025,8,Friday
2025-05-24,2025,8,Saturday
2025-05-25,2025,8,Sunday
2025-05-26,2025,9,Monday
2025-05-27,2025,9,Tuesday
2025-05-28,2025,9,Wednesday
2025-05-29,2025,9,Thursday
2025-05-30,2025,9,Friday
2025-05-31,2025,9,Saturday
2025-06-01,2025,9,Sunday
2025-06-02,2025,10,Monday
2025-06-03,2025,10,Tuesday
2025-06-04,2025,10,Wednesday
2025-06-05,2025,10,Thursday
2025-06-06,2025,10,Friday
2025-06-07,2025,10,Saturday
2025-06-08,2025,10,Sunday
2025-06-09,2025,11,Monday
2025-06-10,2025,11,Tuesday
2025-06-11,2025,11,Wednesday
2025-06-12,2025,11,Thursday
2025-06-13,2025,11,Friday
2025-06-14,2025,11,Saturday
2025-06-15,2025,11,Sunday
2025-06-16,2025,12,Monday
2025-06-17,2025,12,Tuesday
2025-06-18,2025,12,Wednesday
2025-06-19,2025,12,Thursday
2025-06-20,2025,12,Friday
2025-06-21,2025,12,Saturday
2025-06-22,2025,12,Sunday
2025-06-23,2025,13,Monday
2025-06-24,2025,13,Tuesday
2025-06-25,2025,13,Wednesday
2025-06-26,2025,13,Thursday
2025-06-27,2025,13,Friday
2025-06-28,2025,13,Saturday
2025-06-29,2025,13,Sunday
2025-06-30,2025,14,Monday
2025-07-01,2025,14,Tuesday
2025-07-02,2025,14,Wednesday
2025-07-03,2025,14,Thursday
2025-07-04,2025,14,Friday
2025-07-05,2025,14,Saturday
2025-07-06,2025,14,Sunday
2025-07-07,2025,15,Monday
2025-07-08,2025,15,Tuesday
2025-07-09,2025,15,Wednesday
2025-07-10,2025,15,Thursday
2025-07-11,2025,15,Friday
2025-07-12,2025,15,Saturday
2025-07-13,2025,15,Sunday
2025-07-14,2025,16,Monday
2025-07-15,2025,16,Tuesday
2025-07-16,2025,16,Wednesday
2025-07-17,2025,16,Thursday
2025-07-18,2025,16,Friday
2025-07-19,2025,16,Saturday
2025-07-20,2025,16,Sunday
2025-07-21,2025,17,Monday
2025-07-22,2025,17,Tuesday
2025-07-23,2025,17,Wednesday
2025-07-24,2025,17,Thursday
2025-07-25,2025,17,Friday
2025-07-26,2025,17,Saturday
2025-07-27,2025,17,Sunday
2025-07-28,2025,18,Monday
2025-07-29,2025,18,Tuesday
2025-07-30,2025,18,Wednesday
2025-07-31,2025,18,Thursday
2025-08-01,2025,18,Friday
2025-08-02,2025,18,Saturday
2025-08-03,2025,18,Sunday
2025-08-04,2025,19,Monday
2025-08-05,2025,19,Tuesday
2025-08-06,2025,19,Wednesday
2025-08-07,2025,19,Thursday
2025-08-08,2025,19,Friday
2025-08-09,2025,19,Saturday
2025-08-10,2025,19,Sunday
2025-08-11,2025,20,Monday
2025-08-12,2025,20,Tuesday
2025-08-13,2025,20,Wednesday
2025-08-14,2025,20,Thursday
2025-08-15,2025,20,Friday
2025-08-16,2025,20,Saturday
2025-08-17,2025,20,Sunday
2025-08-18,2025,21,Monday
2025-08-19,2025,21,Tuesday
2025-08-20,2025,21,Wednesday
2025-08-21,2025,21,Thursday
2025-08-22,2025,21,Friday
2025-08-23,2025,21,Saturday
2025-08-24,2025,21,Sunday
2025-08-25,2025,22,Monday
2025-08-26,2025,22,Tuesday
2025-08-27,2025,22,Wednesday
2025-08-28,2025,22,Thursday
2025-08-29,2025,22,Friday
2025-08-30,2025,22,Saturday
2025-08-31,2025,22,Sunday
2025-09-01,2025,23,Monday
2025-09-02,2025,23,Tuesday
2025-09-03,2025,23,Wednesday
2025-09-04,2025,23,Thursday
2025-09-05,2025,23,Friday
2025-09-06,2025,23,Saturday
2025-09-07,2025,23,Sunday
2025-09-08,2025,24,Monday
2025-09-09,2025,24,Tuesday
2025-09-10,2025,24,Wednesday
2025-09-11,2025,24,Thursday
2025-09-12,2025,24,Friday
2025-09-13,2025,24,Saturday
2025-09-14,2025,24,Sunday
2025-09-15,2025,25,Monday
2025-09-16,2025,25,Tuesday
2025-09-17,2025,25,Wednesday
2025-09-18,2025,25,Thursday
2025-09-19,2025,25,Friday
2025-09-20,2025,25,Saturday
2025-09-21,2025,25,Sunday
2025-09-22,2025,26,Monday
2025-09-23,2025,26,Tuesday
2025-09-24,2025,26,Wednesday
2025-09-25,2025,26,Thursday
2025-09-26,2025,26,Friday
2025-09-27,2025,26,Saturday
2025-09-28,2025,26,Sunday
2025-09-29,2025,27,Monday
2025-09-30,2025,27,Tuesday
2025-10-01,2025,27,Wednesday
2025-10-02,2025,27,Thursday
2025-10-03,2025,27,Friday
2025-10-04,2025,27,Saturday
2025-10-05,2025,27,Sunday
2025-10-06,2025,28,Monday
2025-10-07,2025,28,Tuesday
2025-10-08,2025,28,Wednesday
2025-10-09,2025,28,Thursday
2025-10-10,2025,28,Friday
2025-10-11,2025,28,Saturday
2025-10-12,2025,28,Sunday
2025-10-13,2025,29,Monday
2025-10-14,2025,29,Tuesday
2025-10-15,2025,29,Wednesday
2025-10-16,2025,29,Thursday
2025-10-17,2025,29,Friday
2025-10-18,2025,29,Saturday
2025-10-19,2025,29,Sunday
2025-10-20,2025,30,Monday
2025-10-21,2025,30,Tuesday
2025-10-22,2025,30,Wednesday
2025-10-23,2025,30,Thursday
2025-10-24,2025,30,Friday
2025-10-25,2025,30,Saturday
2025-10-26,2025,30,Sunday
2025-10-27,2025,31,Monday
2025-10-28,2025,31,Tuesday
2025-10-29,2025,31,Wednesday
2025-10-30,2025,31,Thursday
2025-10-31,2025,31,Friday
2025-11-01,2025,31,Saturday
2025-11-02,2025,31,Sunday
2025-11-03,2025,32,Monday
2025-11-04,2025,32,Tuesday
2025-11-05,2025,32,Wednesday
2025-11-06,2025,32,Thursday
2025-11-07,2025,32,Friday
2025-11-08,2025,32,Saturday
2025-11-09,2025,32,Sunday
2025-11-10,2025,33,Monday
2025-11-11,2025,33,Tuesday
2025-11-12,2025,33,Wednesday
2025-11-13,2025,33,Thursday
2025-11-14,2025,33,Friday
2025-11-15,2025,33,Saturday
2025-11-16,2025,33,Sunday
2025-11-17,2025,34,Monday
2025-11-18,2025,34,Tuesday
2025-11-19,2025,34,Wednesday
2025-11-20,2025,34,Thursday
2025-11-21,2025,34,Friday
2025-11-22,2025,34,Saturday
2025-11-23,2025,34,Sunday
2025-11-24,2025,35,Monday
2025-11-25,2025,35,Tuesday
2025-11-26,2025,35,Wednesday
2025-11-27,2025,35,Thursday
2025-11-28,2025,35,Friday
2025-11-29,2025,35,Saturday
2025-11-30,2025,35,Sunday
2025-12-01,2025,36,Monday
2025-12-02,2025,36,Tuesday
2025-12-03,2025,36,Wednesday
2025-12-04,2025,36,Thursday
2025-12-05,2025,36,Friday
2025-12-06,2025,36,Saturday
2025-12-07,2025,36,Sunday
2025-12-08,2025,37,Monday
2025-12-09,2025,37,Tuesday
2025-12-10,2025,37,Wednesday
2025-12-11,2025,37,Thursday
2025-12-12,2025,37,Friday
2025-12-13,2025,37,Saturday
2025-12-14,2025,37,Sunday
2025-12-15,2025,38,Monday
2025-12-16,2025,38,Tuesday
2025-12-17,2025,38,Wednesday
2025-12-18,2025,38,Thursday
2025-12-19,2025,38,Friday
2025-12-20,2025,38,Saturday
2025-12-21,2025,38,Sunday
2025-12-22,2025,39,Monday
2025-12-23,2025,39,Tuesday
2025-12-24,2025,39,Wednesday
2025-12-25,2025,39,Thursday
2025-12-26,2025,39,Friday
2025-12-27,2025,39,Saturday
2025-12-28,2025,39,Sunday
2025-12-29,2025,40,Monday
2025-12-30,2025,40,Tuesday
2025-12-31,2025,40,Wednesday
2026-01-01,2025,40,Thursday
2026-01-02,2025,40,Friday
2026-01-03,2025,40,Saturday
2026-01-04,2025,40,Sunday
2026-01-05,2025,41,Monday
2026-01-06,2025,41,Tuesday
2026-01-07,2025,41,Wednesday
2026-01-08,2025,41,Thursday
2026-01-09,2025,41,Friday
2026-01-10,2025,41,Saturday
2026-01-11,2025,41,Sunday
2026-01-12,2025,42,Monday
2026-01-13,2025,42,Tuesday
2026-01-14,2025,42,Wednesday
2026-01-15,2025,42,Thursday
2026-01-16,2025,42,Friday
2026-01-17,2025,42,Saturday
2026-01-18,2025,42,Sunday
2026-01-19,2025,43,Monday
2026-01-20,2025,43,Tuesday
2026-01-21,2025,43,Wednesday
2026-01-22,2025,43,Thursday
2026-01-23,2025,43,Friday
2026-01-24,2025,43,Saturday
2026-01-25,2025,43,Sunday
2026-01-26,2025,44,Monday
2026-01-27,2025,44,Tuesday
2026-01-28,2025,44,Wednesday
2026-01-29,2025,44,Thursday
2026-01-30,2025,44,Friday
2026-01-31,2025,44,Saturday
2026-02-01,2025,44,Sunday
2026-02-02,2025,45,Monday
2026-02-03,2025,45,Tuesday
2026-02-04,2025,45,Wednesday
2026-02-05,2025,45,Thursday
2026-02-06,2025,45,Friday
2026-02-07,2025,45,Saturday
2026-02-08,2025,45,Sunday
2026-02-09,2025,46,Monday
2026-02-10,2025,46,Tuesday
2026-02-11,2025,46,Wednesday
2026-02-12,2025,46,Thursday
2026-02-13,2025,46,Friday
2026-02-14,2025,46,Saturday
2026-02-15,2025,46,Sunday
2026-02-16,2025,47,Monday
2026-02-17,2025,47,Tuesday
2026-02-18,2025,47,Wednesday
2026-02-19,2025,47,Thursday
2026-02-20,2025,47,Friday
2026-02-21,2025,47,Saturday
2026-02-22,2025,47,Sunday
2026-02-23,2025,48,Monday
2026-02-24,2025,48,Tuesday
2026-02-25,2025,48,Wednesday
2026-02-26,2025,48,Thursday
2026-02-27,2025,48,Friday
2026-02-28,2025,48,Saturday
2026-03-01,2025,48,Sunday
2026-03-02,2025,49,Monday
2026-03-03,2025,49,Tuesday
2026-03-04,2025,49,Wednesday
2026-03-05,2025,49,Thursday
2026-03-06,2025,49,Friday
2026-03-07,2025,49,Saturday
2026-03-08,2025,49,Sunday
2026-03-09,2025,50,Monday
2026-03-10,2025,50,Tuesday
2026-03-11,2025,50,Wednesday
2026-03-12,2025,50,Thursday
2026-03-13,2025,50,Friday
2026-03-14,2025,50,Saturday
2026-03-15,2025,50,Sunday
2026-03-16,2025,51,Monday
2026-03-17,2025,51,Tuesday
2026-03-18,2025,51,Wednesday
2026-03-19,2025,51,Thursday
2026-03-20,2025,51,Friday
2026-03-21,2025,51,Saturday
2026-03-22,2025,51,Sunday
2026-03-23,2025,52,Monday
2026-03-24,2025,52,Tuesday
2026-03-25,2025,52,Wednesday
2026-03-26,2025,52,Thursday
2026-03-27,2025,52,Friday
2026-03-28,2025,52,Saturday
2026-03-29,2025,52,Sunday
2026-03-30,2026,1,Monday
2026-03-31,2026,1,Tuesday
2026-04-01,2026,1,Wednesday
2026-04-02,2026,1,Thursday
2026-04-03,2026,1,Friday
2026-04-04,2026,1,Saturday
2026-04-05,2026,1,Sunday
2026-04-06,2026,2,Monday
2026-04-07,2026,2,Tuesday
2026-04-08,2026,2,Wednesday
2026-04-09,2026,2,Thursday
2026-04-10,2026,2,Friday
2026-04-11,2026,2,Saturday
2026-04-12,2026,2,Sunday
2026-04-13,2026,3,Monday
2026-04-14,2026,3,Tuesday
2026-04-15,2026,3,Wednesday
2026-04-16,2026,3,Thursday
2026-04-17,2026,3,Friday
2026-04-18,2026,3,Saturday
2026-04-19,2026,3,Sunday
2026-04-20,2026,4,Monday
2026-04-21,2026,4,Tuesday
2026-04-22,2026,4,Wednesday
2026-04-23,2026,4,Thursday
2026-04-24,2026,4,Friday
2026-04-25,2026,4,Saturday
2026-04-26,2026,4,Sunday
2026-04-27,2026,5,Monday
2026-04-28,2026,5,Tuesday
2026-04-29,2026,5,Wednesday
2026-04-30,2026,5,Thursday
2026-05-01,2026,5,Friday
2026-05-02,2026,5,Saturday
2026-05-03,2026,5,Sunday
2026-05-04,2026,6,Monday
2026-05-05,2026,6,Tuesday
2026-05-06,2026,6,Wednesday
2026-05-07,2026,6,Thursday
2026-05-08,2026,6,Friday
2026-05-09,2026,6,Saturday
2026-05-10,2026,6,Sunday
2026-05-11,2026,7,Monday
2026-05-12,2026,7,Tuesday
2026-05-13,2026,7,Wednesday
2026-05-14,2026,7,Thursday
2026-05-15,2026,7,Friday
2026-05-16,2026,7,Saturday
2026-05-17,2026,7,Sunday
2026-05-18,2026,8,Monday
2026-05-19,2026,8,Tuesday
2026-05-20,2026,8,Wednesday
2026-05-21,2026,8,Thursday
2026-05-22,2026,8,Friday
2026-05-23,2026,8,Saturday
2026-05-24,2026,8,Sunday
2026-05-25,2026,9,Monday
2026-05-26,2026,9,Tuesday
2026-05-27,2026,9,Wednesday
2026-05-28,2026,9,Thursday
2026-05-29,2026,9,Friday
2026-05-30,2026,9,Saturday
2026-05-31,2026,9,Sunday
2026-06-01,2026,10,Monday
2026-06-02,2026,10,Tuesday
2026-06-03,2026,10,Wednesday
2026-06-04,2026,10,Thursday
2026-06-05,2026,10,Friday
2026-06-06,2026,10,Saturday
2026-06-07,2026,10,Sunday
2026-06-08,2026,11,Monday
2026-06-09,2026,11,Tuesday
2026-06-10,2026,11,Wednesday
2026-06-11,2026,11,Thursday
2026-06-12,2026,11,Friday
2026-06-13,2026,11,Saturday
2026-06-14,2026,11,Sunday
2026-06-15,2026,12,Monday
2026-06-16,2026,12,Tuesday
2026-06-17,2026,12,Wednesday
2026-06-18,2026,12,Thursday
2026-06-19,2026,12,Friday
2026-06-20,2026,12,Saturday
2026-06-21,2026,12,Sunday
2026-06-22,2026,13,Monday
2026-06-23,2026,13,Tuesday
2026-06-24,2026,13,Wednesday
2026-06-25,2026,13,Thursday
2026-06-26,2026,13,Friday
2026-06-27,2026,13,Saturday
2026-06-28,2026,13,Sunday
2026-06-29,2026,14,Monday
2026-06-30,2026,14,Tuesday
2026-07-01,2026,14,Wednesday
2026-07-02,2026,14,Thursday
2026-07-03,2026,14,Friday
2026-07-04,2026,14,Saturday
2026-07-05,2026,14,Sunday
2026-07-06,2026,15,Monday
2026-07-07,2026,15,Tuesday
2026-07-08,2026,15,Wednesday
2026-07-09,2026,15,Thursday
2026-07-10,2026,15,Friday
2026-07-11,2026,15,Saturday
2026-07-12,2026,15,Sunday
2026-07-13,2026,16,Monday
2026-07-14,2026,16,Tuesday
2026-07-15,2026,16,Wednesday
2026-07-16,2026,16,Thursday
2026-07-17,2026,16,Friday
2026-07-18,2026,16,Saturday
2026-07-19,2026,16,Sunday
2026-07-20,2026,17,Monday
2026-07-21,2026,17,Tuesday
2026-07-22,2026,17,Wednesday
2026-07-23,2026,17,Thursday
2026-07-24,2026,17,Friday
2026-07-25,2026,17,Saturday
2026-07-26,2026,17,Sunday
2026-07-27,2026,18,Monday
2026-07-28,2026,18,Tuesday
2026-07-29,2026,18,Wednesday
2026-07-30,2026,18,Thursday
2026-07-31,2026,18,Friday
2026-08-01,2026,18,Saturday
2026-08-02,2026,18,Sunday
2026-08-03,2026,19,Monday
2026-08-04,2026,19,Tuesday
2026-08-05,2026,19,Wednesday
2026-08-06,2026,19,Thursday
2026-08-07,2026,19,Friday
2026-08-08,2026,19,Saturday
2026-08-09,2026,19,Sunday
2026-08-10,2026,20,Monday
2026-08-11,2026,20,Tuesday
2026-08-12,2026,20,Wednesday
2026-08-13,2026,20,Thursday
2026-08-14,2026,20,Friday
2026-08-15,2026,20,Saturday
2026-08-16,2026,20,Sunday
2026-08-17,2026,21,Monday
2026-08-18,2026,21,Tuesday
2026-08-19,2026,21,Wednesday
2026-08-20,2026,21,Thursday
2026-08-21,2026,21,Friday
2026-08-22,2026,21,Saturday
2026-08-23,2026,21,Sunday
2026-08-24,2026,22,Monday
2026-08-25,2026,22,Tuesday
2026-08-26,2026,22,Wednesday
2026-08-27,2026,22,Thursday
2026-08-28,2026,22,Friday
2026-08-29,2026,22,Saturday
2026-08-30,2026,22,Sunday
2026-08-31,2026,23,Monday
2026-09-01,2026,23,Tuesday
2026-09-02,2026,23,Wednesday
2026-09-03,2026,23,Thursday
2026-09-04,2026,23,Friday
2026-09-05,2026,23,Saturday
2026-09-06,2026,23,Sunday
2026-09-07,2026,24,Monday
2026-09-08,2026,24,Tuesday
2026-09-09,2026,24,Wednesday
2026-09-10,2026,24,Thursday
2026-09-11,2026,24,Friday
2026-09-12,2026,24,Saturday
2026-09-13,2026,24,Sunday
2026-09-14,2026,25,Monday
2026-09-15,2026,25,Tuesday
2026-09-16,2026,25,Wednesday
2026-09-17,2026,25,Thursday
2026-09-18,2026,25,Friday
2026-09-19,2026,25,Saturday
2026-09-20,2026,25,Sunday
2026-09-21,2026,26,Monday
2026-09-22,2026,26,Tuesday
2026-09-23,2026,26,Wednesday
2026-09-24,2026,26,Thursday
2026-09-25,2026,26,Friday
2026-09-26,2026,26,Saturday
2026-09-27,2026,26,Sunday
2026-09-28,2026,27,Monday
2026-09-29,2026,27,Tuesday
2026-09-30,2026,27,Wednesday
2026-10-01,2026,27,Thursday
2026-10-02,2026,27,Friday
2026-10-03,2026,27,Saturday
2026-10-04,2026,27,Sunday
2026-10-05,2026,28,Monday
2026-10-06,2026,28,Tuesday
2026-10-07,2026,28,Wednesday
2026-10-08,2026,28,Thursday
2026-10-09,2026,28,Friday
2026-10-10,2026,28,Saturday
2026-10-11,2026,28,Sunday
2026-10-12,2026,29,Monday
2026-10-13,2026,29,Tuesday
2026-10-14,2026,29,Wednesday
2026-10-15,2026,29,Thursday
2026-10-16,2026,29,Friday
2026-10-17,2026,29,Saturday
2026-10-18,2026,29,Sunday
2026-10-19,2026,30,Monday
2026-10-20,2026,30,Tuesday
2026-10-21,2026,30,Wednesday
2026-10-22,2026,30,Thursday
2026-10-23,2026,30,Friday
2026-10-24,2026,30,Saturday
2026-10-25,2026,30,Sunday
2026-10-26,2026,31,Monday
2026-10-27,2026,31,Tuesday
2026-10-28,2026,31,Wednesday
2026-10-29,2026,31,Thursday
2026-10-30,2026,31,Friday
2026-10-31,2026,31,Saturday
2026-11-01,2026,31,Sunday
2026-11-02,2026,32,Monday
2026-11-03,2026,32,Tuesday
2026-11-04,2026,32,Wednesday
2026-11-05,2026,32,Thursday
2026-11-06,2026,32,Friday
2026-11-07,2026,32,Saturday
2026-11-08,2026,32,Sunday
2026-11-09,2026,33,Monday
2026-11-10,2026,33,Tuesday
2026-11-11,2026,33,Wednesday
2026-11-12,2026,33,Thursday
2026-11-13,2026,33,Friday
2026-11-14,2026,33,Saturday
2026-11-15,2026,33,Sunday
2026-11-16,2026,34,Monday
2026-11-17,2026,34,Tuesday
2026-11-18,2026,34,Wednesday
2026-11-19,2026,34,Thursday
2026-11-20,2026,34,Friday
2026-11-21,2026,34,Saturday
2026-11-22,2026,34,Sunday
2026-11-23,2026,35,Monday
2026-11-24,2026,35,Tuesday
2026-11-25,2026,35,Wednesday
2026-11-26,2026,35,Thursday
2026-11-27,2026,35,Friday
2026-11-28,2026,35,Saturday
2026-11-29,2026,35,Sunday
2026-11-30,2026,36,Monday
2026-12-01,2026,36,Tuesday
2026-12-02,2026,36,Wednesday
2026-12-03,2026,36,Thursday
2026-12-04,2026,36,Friday
2026-12-05,2026,36,Saturday
2026-12-06,2026,36,Sunday
2026-12-07,2026,37,Monday
2026-12-08,2026,37,Tuesday
2026-12-09,2026,37,Wednesday
2026-12-10,2026,37,Thursday
2026-12-11,2026,37,Friday
2026-12-12,2026,37,Saturday
2026-12-13,2026,37,Sunday
2026-12-14,2026,38,Monday
2026-12-15,2026,38,Tuesday
2026-12-16,2026,38,Wednesday
2026-12-17,2026,38,Thursday
2026-12-18,2026,38,Friday
2026-12-19,2026,38,Saturday
2026-12-20,2026,38,Sunday
2026-12-21,2026,39,Monday
2026-12-22,2026,39,Tuesday
2026-12-23,2026,39,Wednesday
2026-12-24,2026,39,Thursday
2026-12-25,2026,39,Friday
2026-12-26,2026,39,Saturday
2026-12-27,2026,39,Sunday
2026-12-28,2026,40,Monday
2026-12-29,2026,40,Tuesday
2026-12-30,2026,40,Wednesday
2026-12-31,2026,40,Thursday
2027-01-01,2026,40,Friday
2027-01-02,2026,40,Saturday
2027-01-03,2026,40,Sunday
2027-01-04,2026,41,Monday
2027-01-05,2026,41,Tuesday
2027-01-06,2026,41,Wednesday
2027-01-07,2026,41,Thursday
2027-01-08,2026,41,Friday
2027-01-09,2026,41,Saturday
2027-01-10,2026,41,Sunday
2027-01-11,2026,42,Monday
2027-01-12,2026,42,Tuesday
2027-01-13,2026,42,Wednesday
2027-01-14,2026,42,Thursday
2027-01-15,2026,42,Friday
2027-01-16,2026,42,Saturday
2027-01-17,2026,42,Sunday
2027-01-18,2026,43,Monday
2027-01-19,2026,43,Tuesday
2027-01-20,2026,43,Wednesday
2027-01-21,2026,43,Thursday
2027-01-22,2026,43,Friday
2027-01-23,2026,43,Saturday
2027-01-24,2026,43,Sunday
2027-01-25,2026,44,Monday
2027-01-26,2026,44,Tuesday
2027-01-27,2026,44,Wednesday
2027-01-28,2026,44,Thursday
2027-01-29,2026,44,Friday
2027-01-30,2026,44,Saturday
2027-01-31,2026,44,Sunday
2027-02-01,2026,45,Monday
2027-02-02,2026,45,Tuesday
2027-02-03,2026,45,Wednesday
2027-02-04,2026,45,Thursday
2027-02-05,2026,45,Friday
2027-02-06,2026,45,Saturday
2027-02-07,2026,45,Sunday
2027-02-08,2026,46,Monday
2027-02-09,2026,46,Tuesday
2027-02-10,2026,46,Wednesday
2027-02-11,2026,46,Thursday
2027-02-12,2026,46,Friday
2027-02-13,2026,46,Saturday
2027-02-14,2026,46,Sunday
2027-02-15,2026,47,Monday
2027-02-16,2026,47,Tuesday
2027-02-17,2026,47,Wednesday
2027-02-18,2026,47,Thursday
2027-02-19,2026,47,Friday
2027-02-20,2026,47,Saturday
2027-02-21,2026,47,Sunday
2027-02-22,2026,48,Monday
2027-02-23,2026,48,Tuesday
2027-02-24,2026,48,Wednesday
2027-02-25,2026,48,Thursday
2027-02-26,2026,48,Friday
2027-02-27,2026,48,Saturday
2027-02-28,2026,48,Sunday
2027-03-01,2026,49,Monday
2027-03-02,2026,49,Tuesday
2027-03-03,2026,49,Wednesday
2027-03-04,2026,49,Thursday
2027-03-05,2026,49,Friday
2027-03-06,2026,49,Saturday
2027-03-07,2026,49,Sunday
2027-03-08,2026,50,Monday
2027-03-09,2026,50,Tuesday
2027-03-10,2026,50,Wednesday
2027-03-11,2026,50,Thursday
2027-03-12,2026,50,Friday
2027-03-13,2026,50,Saturday
2027-03-14,2026,50,Sunday
2027-03-15,2026,51,Monday
2027-03-16,2026,51,Tuesday
2027-03-17,2026,51,Wednesday
2027-03-18,2026,51,Thursday
2027-03-19,2026,51,Friday
2027-03-20,2026,51,Saturday
2027-03-21,2026,51,Sunday
2027-03-22,2026,52,Monday
2027-03-23,2026,52,Tuesday
2027-03-24,2026,52,Wednesday
2027-03-25,2026,52,Thursday
2027-03-26,2026,52,Friday
2027-03-27,2026,52,Saturday
2027-03-28,2026,52,Sunday
2027-03-29,2027,1,Monday
2027-03-30,2027,1,Tuesday
2027-03-31,2027,1,Wednesday
2027-04-01,2027,1,Thursday
2027-04-02,2027,1,Friday
2027-04-03,2027,1,Saturday
2027-04-04,2027,1,Sunday
2027-04-05,2027,2,Monday
2027-04-06,2027,2,Tuesday
2027-04-07,2027,2,Wednesday
2027-04-08,2027,2,Thursday
2027-04-09,2027,2,Friday
2027-04-10,2027,2,Saturday
2027-04-11,2027,2,Sunday
2027-04-12,2027,3,Monday
2027-04-13,2027,3,Tuesday
2027-04-14,2027,3,Wednesday
2027-04-15,2027,3,Thursday
2027-04-16,2027,3,Friday
2027-04-17,2027,3,Saturday
2027-04-18,2027,3,Sunday
2027-04-19,2027,4,Monday
2027-04-20,2027,4,Tuesday
2027-04-21,2027,4,Wednesday
2027-04-22,2027,4,Thursday
2027-04-23,2027,4,Friday
2027-04-24,2027,4,Saturday
2027-04-25,2027,4,Sunday
2027-04-26,2027,5,Monday
2027-04-27,2027,5,Tuesday
2027-04-28,2027,5,Wednesday
2027-04-29,2027,5,Thursday
2027-04-30,2027,5,Friday
2027-05-01,2027,5,Saturday
2027-05-02,2027,5,Sunday
2027-05-03,2027,6,Monday
2027-05-04,2027,6,Tuesday
2027-05-05,2027,6,Wednesday
2027-05-06,2027,6,Thursday
2027-05-07,2027,6,Friday
2027-05-08,2027,6,Saturday
2027-05-09,2027,6,Sunday
2027-05-10,2027,7,Monday
2027-05-11,2027,7,Tuesday
2027-05-12,2027,7,Wednesday
2027-05-13,2027,7,Thursday
2027-05-14,2027,7,Friday
2027-05-15,2027,7,Saturday
2027-05-16,2027,7,Sunday
2027-05-17,2027,8,Monday
2027-05-18,2027,8,Tuesday
2027-05-19,2027,8,Wednesday
2027-05-20,2027,8,Thursday
2027-05-21,2027,8,Friday
2027-05-22,2027,8,Saturday
2027-05-23,2027,8,Sunday
2027-05-24,2027,9,Monday
2027-05-25,2027,9,Tuesday
2027-05-26,2027,9,Wednesday
2027-05-27,2027,9,Thursday
2027-05-28,2027,9,Friday
2027-05-29,2027,9,Saturday
2027-05-30,2027,9,Sunday
2027-05-31,2027,10,Monday
2027-06-01,2027,10,Tuesday
2027-06-02,2027,10,Wednesday
2027-06-03,2027,10,Thursday
2027-06-04,2027,10,Friday
2027-06-05,2027,10,Saturday
2027-06-06,2027,10,Sunday
2027-06-07,2027,11,Monday
2027-06-08,2027,11,Tuesday
2027-06-09,2027,11,Wednesday
2027-06-10,2027,11,Thursday
2027-06-11,2027,11,Friday
2027-06-12,2027,11,Saturday
2027-06-13,2027,11,Sunday
2027-06-14,2027,12,Monday
2027-06-15,2027,12,Tuesday
2027-06-16,2027,12,Wednesday
2027-06-17,2027,12,Thursday
2027-06-18,2027,12,Friday
2027-06-19,2027,12,Saturday
2027-06-20,2027,12,Sunday
2027-06-21,2027,13,Monday
2027-06-22,2027,13,Tuesday
2027-06-23,2027,13,Wednesday
2027-06-24,2027,13,Thursday
2027-06-25,2027,13,Friday
2027-06-26,2027,13,Saturday
2027-06-27,2027,13,Sunday
2027-06-28,2027,14,Monday
2027-06-29,2027,14,Tuesday
2027-06-30,2027,14,Wednesday
2027-07-01,2027,14,Thursday
2027-07-02,2027,14,Friday
2027-07-03,2027,14,Saturday
2027-07-04,2027,14,Sunday
2027-07-05,2027,15,Monday
2027-07-06,2027,15,Tuesday
2027-07-07,2027,15,Wednesday
2027-07-08,2027,15,Thursday
2027-07-09,2027,15,Friday
2027-07-10,2027,15,Saturday
2027-07-11,2027,15,Sunday
2027-07-12,2027,16,Monday
2027-07-13,2027,16,Tuesday
2027-07-14,2027,16,Wednesday
2027-07-15,2027,16,Thursday
2027-07-16,2027,16,Friday
2027-07-17,2027,16,Saturday
2027-07-18,2027,16,Sunday
2027-07-19,2027,17,Monday
2027-07-20,2027,17,Tuesday
2027-07-21,2027,17,Wednesday
2027-07-22,2027,17,Thursday
2027-07-23,2027,17,Friday
2027-07-24,2027,17,Saturday
2027-07-25,2027,17,Sunday
2027-07-26,2027,18,Monday
2027-07-27,2027,18,Tuesday
2027-07-28,2027,18,Wednesday
2027-07-29,2027,18,Thursday
2027-07-30,2027,18,Friday
2027-07-31,2027,18,Saturday
2027-08-01,2027,18,Sunday
2027-08-02,2027,19,Monday
2027-08-03,2027,19,Tuesday
2027-08-04,2027,19,Wednesday
2027-08-05,2027,19,Thursday
2027-08-06,2027,19,Friday
2027-08-07,2027,19,Saturday
2027-08-08,2027,19,Sunday
2027-08-09,2027,20,Monday
2027-08-10,2027,20,Tuesday
2027-08-11,2027,20,Wednesday
2027-08-12,2027,20,Thursday
2027-08-13,2027,20,Friday
2027-08-14,2027,20,Saturday
2027-08-15,2027,20,Sunday
2027-08-16,2027,21,Monday
2027-08-17,2027,21,Tuesday
2027-08-18,2027,21,Wednesday
2027-08-19,2027,21,Thursday
2027-08-20,2027,21,Friday
2027-08-21,2027,21,Saturday
2027-08-22,2027,21,Sunday
2027-08-23,2027,22,Monday
2027-08-24,2027,22,Tuesday
2027-08-25,2027,22,Wednesday
2027-08-26,2027,22,Thursday
2027-08-27,2027,22,Friday
2027-08-28,2027,22,Saturday
2027-08-29,2027,22,Sunday
2027-08-30,2027,23,Monday
2027-08-31,2027,23,Tuesday
2027-09-01,2027,23,Wednesday
2027-09-02,2027,23,Thursday
2027-09-03,2027,23,Friday
2027-09-04,2027,23,Saturday
2027-09-05,2027,23,Sunday
2027-09-06,2027,24,Monday
2027-09-07,2027,24,Tuesday
2027-09-08,2027,24,Wednesday
2027-09-09,2027,24,Thursday
2027-09-10,2027,24,Friday
2027-09-11,2027,24,Saturday
2027-09-12,2027,24,Sunday
2027-09-13,2027,25,Monday
2027-09-14,2027,25,Tuesday
2027-09-15,2027,25,Wednesday
2027-09-16,2027,25,Thursday
2027-09-17,2027,25,Friday
2027-09-18,2027,25,Saturday
2027-09-19,2027,25,Sunday
2027-09-20,2027,26,Monday
2027-09-21,2027,26,Tuesday
2027-09-22,2027,26,Wednesday
2027-09-23,2027,26,Thursday
2027-09-24,2027,26,Friday
2027-09-25,2027,26,Saturday
2027-09-26,2027,26,Sunday
2027-09-27,2027,27,Monday
2027-09-28,2027,27,Tuesday
2027-09-29,2027,27,Wednesday
2027-09-30,2027,27,Thursday
2027-10-01,2027,27,Friday
2027-10-02,2027,27,Saturday
2027-10-03,2027,27,Sunday
2027-10-04,2027,28,Monday
2027-10-05,2027,28,Tuesday
2027-10-06,2027,28,Wednesday
2027-10-07,2027,28,Thursday
2027-10-08,2027,28,Friday
2027-10-09,2027,28,Saturday
2027-10-10,2027,28,Sunday
2027-10-11,2027,29,Monday
2027-10-12,2027,29,Tuesday
2027-10-13,2027,29,Wednesday
2027-10-14,2027,29,Thursday
2027-10-15,2027,29,Friday
2027-10-16,2027,29,Saturday
2027-10-17,2027,29,Sunday
2027-10-18,2027,30,Monday
2027-10-19,2027,30,Tuesday
2027-10-20,2027,30,Wednesday
2027-10-21,2027,30,Thursday
2027-10-22,2027,30,Friday
2027-10-23,2027,30,Saturday
2027-10-24,2027,30,Sunday
2027-10-25,2027,31,Monday
2027-10-26,2027,31,Tuesday
2027-10-27,2027,31,Wednesday
2027-10-28,2027,31,Thursday
2027-10-29,2027,31,Friday
2027-10-30,2027,31,Saturday
2027-10-31,2027,31,Sunday
2027-11-01,2027,32,Monday
2027-11-02,2027,32,Tuesday
2027-11-03,2027,32,Wednesday
2027-11-04,2027,32,Thursday
2027-11-05,2027,32,Friday
2027-11-06,2027,32,Saturday
2027-11-07,2027,32,Sunday
2027-11-08,2027,33,Monday
2027-11-09,2027,33,Tuesday
2027-11-10,2027,33,Wednesday
2027-11-11,2027,33,Thursday
2027-11-12,2027,33,Friday
2027-11-13,2027,33,Saturday
2027-11-14,2027,33,Sunday
2027-11-15,2027,34,Monday
2027-11-16,2027,34,Tuesday
2027-11-17,2027,34,Wednesday
2027-11-18,2027,34,Thursday
2027-11-19,2027,34,Friday
2027-11-20,2027,34,Saturday
2027-11-21,2027,34,Sunday
2027-11-22,2027,35,Monday
2027-11-23,2027,35,Tuesday
2027-11-24,2027,35,Wednesday
2027-11-25,2027,35,Thursday
2027-11-26,2027,35,Friday
2027-11-27,2027,35,Saturday
2027-11-28,2027,35,Sunday
2027-11-29,2027,36,Monday
2027-11-30,2027,36,Tuesday
2027-12-01,2027,36,Wednesday
2027-12-02,2027,36,Thursday
2027-12-03,2027,36,Friday
2027-12-04,2027,36,Saturday
2027-12-05,2027,36,Sunday
2027-12-06,2027,37,Monday
2027-12-07,2027,37,Tuesday
2027-12-08,2027,37,Wednesday
2027-12-09,2027,37,Thursday
2027-12-10,2027,37,Friday
2027-12-11,2027,37,Saturday
2027-12-12,2027,37,Sunday
2027-12-13,2027,38,Monday
2027-12-14,2027,38,Tuesday
2027-12-15,2027,38,Wednesday
2027-12-16,2027,38,Thursday
2027-12-17,2027,38,Friday
2027-12-18,2027,38,Saturday
2027-12-19,2027,38,Sunday
2027-12-20,2027,39,Monday
2027-12-21,2027,39,Tuesday
2027-12-22,2027,39,Wednesday
2027-12-23,2027,39,Thursday
2027-12-24,2027,39,Friday
2027-12-25,2027,39,Saturday
2027-12-26,2027,39,Sunday
2027-12-27,2027,40,Monday
2027-12-28,2027,40,Tuesday
2027-12-29,2027,40,Wednesday
2027-12-30,2027,40,Thursday
2027-12-31,2027,40,Friday
2028-01-01,2027,40,Saturday
2028-01-02,2027,40,Sunday
2028-01-03,2027,41,Monday
2028-01-04,2027,41,Tuesday
2028-01-05,2027,41,Wednesday
2028-01-06,2027,41,Thursday
2028-01-07,2027,41,Friday
2028-01-08,2027,41,Saturday
2028-01-09,2027,41,Sunday
2028-01-10,2027,42,Monday
2028-01-11,2027,42,Tuesday
2028-01-12,2027,42,Wednesday
2028-01-13,2027,42,Thursday
2028-01-14,2027,42,Friday
2028-01-15,2027,42,Saturday
2028-01-16,2027,42,Sunday
2028-01-17,2027,43,Monday
2028-01-18,2027,43,Tuesday
2028-01-19,2027,43,Wednesday
2028-01-20,2027,43,Thursday
2028-01-21,2027,43,Friday
2028-01-22,2027,43,Saturday
2028-01-23,2027,43,Sunday
2028-01-24,2027,44,Monday
2028-01-25,2027,44,Tuesday
2028-01-26,2027,44,Wednesday
2028-01-27,2027,44,Thursday
2028-01-28,2027,44,Friday
2028-01-29,2027,44,Saturday
2028-01-30,2027,44,Sunday
2028-01-31,2027,45,Monday
2028-02-01,2027,45,Tuesday
2028-02-02,2027,45,Wednesday
2028-02-03,2027,45,Thursday
2028-02-04,2027,45,Friday
2028-02-05,2027,45,Saturday
2028-02-06,2027,45,Sunday
2028-02-07,2027,46,Monday
2028-02-08,2027,46,Tuesday
2028-02-09,2027,46,Wednesday
2028-02-10,2027,46,Thursday
2028-02-11,2027,46,Friday
2028-02-12,2027,46,Saturday
2028-02-13,2027,46,Sunday
2028-02-14,2027,47,Monday
2028-02-15,2027,47,Tuesday
2028-02-16,2027,47,Wednesday
2028-02-17,2027,47,Thursday
2028-02-18,2027,47,Friday
2028-02-19,2027,47,Saturday
2028-02-20,2027,47,Sunday
2028-02-21,2027,48,Monday
2028-02-22,2027,48,Tuesday
2028-02-23,2027,48,Wednesday
2028-02-24,2027,48,Thursday
2028-02-25,2027,48,Friday
2028-02-26,2027,48,Saturday
2028-02-27,2027,48,Sunday
2028-02-28,2027,49,Monday
2028-02-29,2027,49,Tuesday
2028-03-01,2027,49,Wednesday
2028-03-02,2027,49,Thursday
2028-03-03,2027,49,Friday
2028-03-04,2027,49,Saturday
2028-03-05,2027,49,Sunday
2028-03-06,2027,50,Monday
2028-03-07,2027,50,Tuesday
2028-03-08,2027,50,Wednesday
2028-03-09,2027,50,Thursday
2028-03-10,2027,50,Friday
2028-03-11,2027,50,Saturday
2028-03-12,2027,50,Sunday
2028-03-13,2027,51,Monday
2028-03-14,2027,51,Tuesday
2028-03-15,2027,51,Wednesday
2028-03-16,2027,51,Thursday
2028-03-17,2027,51,Friday
2028-03-18,2027,51,Saturday
2028-03-19,2027,51,Sunday
2028-03-20,2027,52,Monday
2028-03-21,2027,52,Tuesday
2028-03-22,2027,52,Wednesday
2028-03-23,2027,52,Thursday
2028-03-24,2027,52,Friday
2028-03-25,2027,52,Saturday
2028-03-26,2027,52,Sunday
2028-03-27,2027,53,Monday
2028-03-28,2027,53,Tuesday
2028-03-29,2027,53,Wednesday
2028-03-30,2027,53,Thursday
2028-03-31,2027,53,Friday
2028-04-01,2027,53,Saturday
2028-04-02,2027,53,Sunday
2028-04-03,2028,1,Monday
2028-04-04,2028,1,Tuesday
2028-04-05,2028,1,Wednesday
2028-04-06,2028,1,Thursday
2028-04-07,2028,1,Friday
2028-04-08,2028,1,Saturday
2028-04-09,2028,1,Sunday
2028-04-10,2028,2,Monday
2028-04-11,2028,2,Tuesday
2028-04-12,2028,2,Wednesday
2028-04-13,2028,2,Thursday
2028-04-14,2028,2,Friday
2028-04-15,2028,2,Saturday
2028-04-16,2028,2,Sunday
2028-04-17,2028,3,Monday
2028-04-18,2028,3,Tuesday
2028-04-19,2028,3,Wednesday
2028-04-20,2028,3,Thursday
2028-04-21,2028,3,Friday
2028-04-22,2028,3,Saturday
2028-04-23,2028,3,Sunday
2028-04-24,2028,4,Monday
2028-04-25,2028,4,Tuesday
2028-04-26,2028,4,Wednesday
2028-04-27,2028,4,Thursday
2028-04-28,2028,4,Friday
2028-04-29,2028,4,Saturday
2028-04-30,2028,4,Sunday
2028-05-01,2028,5,Monday
2028-05-02,2028,5,Tuesday
2028-05-03,2028,5,Wednesday
2028-05-04,2028,5,Thursday
2028-05-05,2028,5,Friday
2028-05-06,2028,5,Saturday
2028-05-07,2028,5,Sunday
2028-05-08,2028,6,Monday
2028-05-09,2028,6,Tuesday
2028-05-10,2028,6,Wednesday
2028-05-11,2028,6,Thursday
2028-05-12,2028,6,Friday
2028-05-13,2028,6,Saturday
2028-05-14,2028,6,Sunday
2028-05-15,2028,7,Monday
2028-05-16,2028,7,Tuesday
2028-05-17,2028,7,Wednesday
2028-05-18,2028,7,Thursday
2028-05-19,2028,7,Friday
2028-05-20,2028,7,Saturday
2028-05-21,2028,7,Sunday
2028-05-22,2028,8,Monday
2028-05-23,2028,8,Tuesday
2028-05-24,2028,8,Wednesday
2028-05-25,2028,8,Thursday
2028-05-26,2028,8,Friday
2028-05-27,2028,8,Saturday
2028-05-28,2028,8,Sunday
2028-05-29,2028,9,Monday
2028-05-30,2028,9,Tuesday
2028-05-31,2028,9,Wednesday
2028-06-01,2028,9,Thursday
2028-06-02,2028,9,Friday
2028-06-03,2028,9,Saturday
2028-06-04,2028,9,Sunday
2028-06-05,2028,10,Monday
2028-06-06,2028,10,Tuesday
2028-06-07,2028,10,Wednesday
2028-06-08,2028,10,Thursday
2028-06-09,2028,10,Friday
2028-06-10,2028,10,Saturday
2028-06-11,2028,10,Sunday
2028-06-12,2028,11,Monday
2028-06-13,2028,11,Tuesday
2028-06-14,2028,11,Wednesday
2028-06-15,2028,11,Thursday
2028-06-16,2028,11,Friday
2028-06-17,2028,11,Saturday
2028-06-18,2028,11,Sunday
2028-06-19,2028,12,Monday
2028-06-20,2028,12,Tuesday
2028-06-21,2028,12,Wednesday
2028-06-22,2028,12,Thursday
2028-06-23,2028,12,Friday
2028-06-24,2028,12,Saturday
2028-06-25,2028,12,Sunday
2028-06-26,2028,13,Monday
2028-06-27,2028,13,Tuesday
2028-06-28,2028,13,Wednesday
2028-06-29,2028,13,Thursday
2028-06-30,2028,13,Friday
2028-07-01,2028,13,Saturday
2028-07-02,2028,13,Sunday
2028-07-03,2028,14,Monday
2028-07-04,2028,14,Tuesday
2028-07-05,2028,14,Wednesday
2028-07-06,2028,14,Thursday
2028-07-07,2028,14,Friday
2028-07-08,2028,14,Saturday
2028-07-09,2028,14,Sunday
2028-07-10,2028,15,Monday
2028-07-11,2028,15,Tuesday
2028-07-12,2028,15,Wednesday
2028-07-13,2028,15,Thursday
2028-07-14,2028,15,Friday
2028-07-15,2028,15,Saturday
2028-07-16,2028,15,Sunday
2028-07-17,2028,16,Monday
2028-07-18,2028,16,Tuesday
2028-07-19,2028,16,Wednesday
2028-07-20,2028,16,Thursday
2028-07-21,2028,16,Friday
2028-07-22,2028,16,Saturday
2028-07-23,2028,16,Sunday
2028-07-24,2028,17,Monday
2028-07-25,2028,17,Tuesday
2028-07-26,2028,17,Wednesday
2028-07-27,2028,17,Thursday
2028-07-28,2028,17,Friday
2028-07-29,2028,17,Saturday
2028-07-30,2028,17,Sunday
2028-07-31,2028,18,Monday
2028-08-01,2028,18,Tuesday
2028-08-02,2028,18,Wednesday
2028-08-03,2028,18,Thursday
2028-08-04,2028,18,Friday
2028-08-05,2028,18,Saturday
2028-08-06,2028,18,Sunday
2028-08-07,2028,19,Monday
2028-08-08,2028,19,Tuesday
2028-08-09,2028,19,Wednesday
2028-08-10,2028,19,Thursday
2028-08-11,2028,19,Friday
2028-08-12,2028,19,Saturday
2028-08-13,2028,19,Sunday
2028-08-14,2028,20,Monday
2028-08-15,2028,20,Tuesday
2028-08-16,2028,20,Wednesday
2028-08-17,2028,20,Thursday
2028-08-18,2028,20,Friday
2028-08-19,2028,20,Saturday
2028-08-20,2028,20,Sunday
2028-08-21,2028,21,Monday
2028-08-22,2028,21,Tuesday
2028-08-23,2028,21,Wednesday
2028-08-24,2028,21,Thursday
2028-08-25,2028,21,Friday
2028-08-26,2028,21,Saturday
2028-08-27,2028,21,Sunday
2028-08-28,2028,22,Monday
2028-08-29,2028,22,Tuesday
2028-08-30,2028,22,Wednesday
2028-08-31,2028,22,Thursday
2028-09-01,2028,22,Friday
2028-09-02,2028,22,Saturday
2028-09-03,2028,22,Sunday
2028-09-04,2028,23,Monday
2028-09-05,2028,23,Tuesday
2028-09-06,2028,23,Wednesday
2028-09-07,2028,23,Thursday
2028-09-08,2028,23,Friday
2028-09-09,2028,23,Saturday
2028-09-10,2028,23,Sunday
2028-09-11,2028,24,Monday
2028-09-12,2028,24,Tuesday
2028-09-13,2028,24,Wednesday
2028-09-14,2028,24,Thursday
2028-09-15,2028,24,Friday
2028-09-16,2028,24,Saturday
2028-09-17,2028,24,Sunday
2028-09-18,2028,25,Monday
2028-09-19,2028,25,Tuesday
2028-09-20,2028,25,Wednesday
2028-09-21,2028,25,Thursday
2028-09-22,2028,25,Friday
2028-09-23,2028,25,Saturday
2028-09-24,2028,25,Sunday
2028-09-25,2028,26,Monday
2028-09-26,2028,26,Tuesday
2028-09-27,2028,26,Wednesday
2028-09-28,2028,26,Thursday
2028-09-29,2028,26,Friday
2028-09-30,2028,26,Saturday
2028-10-01,2028,26,Sunday
2028-10-02,2028,27,Monday
2028-10-03,2028,27,Tuesday
2028-10-04,2028,27,Wednesday
2028-10-05,2028,27,Thursday
2028-10-06,2028,27,Friday
2028-10-07,2028,27,Saturday
2028-10-08,2028,27,Sunday
2028-10-09,2028,28,Monday
2028-10-10,2028,28,Tuesday
2028-10-11,2028,28,Wednesday
2028-10-12,2028,28,Thursday
2028-10-13,2028,28,Friday
2028-10-14,2028,28,Saturday
2028-10-15,2028,28,Sunday
2028-10-16,2028,29,Monday
2028-10-17,2028,29,Tuesday
2028-10-18,2028,29,Wednesday
2028-10-19,2028,29,Thursday
2028-10-20,2028,29,Friday
2028-10-21,2028,29,Saturday
2028-10-22,2028,29,Sunday
2028-10-23,2028,30,Monday
2028-10-24,2028,30,Tuesday
2028-10-25,2028,30,Wednesday
2028-10-26,2028,30,Thursday
2028-10-27,2028,30,Friday
2028-10-28,2028,30,Saturday
2028-10-29,2028,30,Sunday
2028-10-30,2028,31,Monday
2028-10-31,2028,31,Tuesday
2028-11-01,2028,31,Wednesday
2028-11-02,2028,31,Thursday
2028-11-03,2028,31,Friday
2028-11-04,2028,31,Saturday
2028-11-05,2028,31,Sunday
2028-11-06,2028,32,Monday
2028-11-07,2028,32,Tuesday
2028-11-08,2028,32,Wednesday
2028-11-09,2028,32,Thursday
2028-11-10,2028,32,Friday
2028-11-11,2028,32,Saturday
2028-11-12,2028,32,Sunday
2028-11-13,2028,33,Monday
2028-11-14,2028,33,Tuesday
2028-11-15,2028,33,Wednesday
2028-11-16,2028,33,Thursday
2028-11-17,2028,33,Friday
2028-11-18,2028,33,Saturday
2028-11-19,2028,33,Sunday
2028-11-20,2028,34,Monday
2028-11-21,2028,34,Tuesday
2028-11-22,2028,34,Wednesday
2028-11-23,2028,34,Thursday
2028-11-24,2028,34,Friday
2028-11-25,2028,34,Saturday
2028-11-26,2028,34,Sunday
2028-11-27,2028,35,Monday
2028-11-28,2028,35,Tuesday
2028-11-29,2028,35,Wednesday
2028-11-30,2028,35,Thursday
2028-12-01,2028,35,Friday
2028-12-02,2028,35,Saturday
2028-12-03,2028,35,Sunday
2028-12-04,2028,36,Monday
2028-12-05,2028,36,Tuesday
2028-12-06,2028,36,Wednesday
2028-12-07,2028,36,Thursday
2028-12-08,2028,36,Friday
2028-12-09,2028,36,Saturday
2028-12-10,2028,36,Sunday
2028-12-11,2028,37,Monday
2028-12-12,2028,37,Tuesday
2028-12-13,2028,37,Wednesday
2028-12-14,2028,37,Thursday
2028-12-15,2028,37,Friday
2028-12-16,2028,37,Saturday
2028-12-17,2028,37,Sunday
2028-12-18,2028,38,Monday
2028-12-19,2028,38,Tuesday
2028-12-20,2028,38,Wednesday
2028-12-21,2028,38,Thursday
2028-12-22,2028,38,Friday
2028-12-23,2028,38,Saturday
2028-12-24,2028,38,Sunday
2028-12-25,2028,39,Monday
2028-12-26,2028,39,Tuesday
2028-12-27,2028,39,Wednesday
2028-12-28,2028,39,Thursday
2028-12-29,2028,39,Friday
2028-12-30,2028,39,Saturday
2028-12-31,2028,39,Sunday
2029-01-01,2028,40,Monday
2029-01-02,2028,40,Tuesday
2029-01-03,2028,40,Wednesday
2029-01-04,2028,40,Thursday
2029-01-05,2028,40,Friday
2029-01-06,2028,40,Saturday
2029-01-07,2028,40,Sunday
2029-01-08,2028,41,Monday
2029-01-09,2028,41,Tuesday
2029-01-10,2028,41,Wednesday
2029-01-11,2028,41,Thursday
2029-01-12,2028,41,Friday
2029-01-13,2028,41,Saturday
2029-01-14,2028,41,Sunday
2029-01-15,2028,42,Monday
2029-01-16,2028,42,Tuesday
2029-01-17,2028,42,Wednesday
2029-01-18,2028,42,Thursday
2029-01-19,2028,42,Friday
2029-01-20,2028,42,Saturday
2029-01-21,2028,42,Sunday
2029-01-22,2028,43,Monday
2029-01-23,2028,43,Tuesday
2029-01-24,2028,43,Wednesday
2029-01-25,2028,43,Thursday
2029-01-26,2028,43,Friday
2029-01-27,2028,43,Saturday
2029-01-28,2028,43,Sunday
2029-01-29,2028,44,Monday
2029-01-30,2028,44,Tuesday
2029-01-31,2028,44,Wednesday
2029-02-01,2028,44,Thursday
2029-02-02,2028,44,Friday
2029-02-03,2028,44,Saturday
2029-02-04,2028,44,Sunday
2029-02-05,2028,45,Monday
2029-02-06,2028,45,Tuesday
2029-02-07,2028,45,Wednesday
2029-02-08,2028,45,Thursday
2029-02-09,2028,45,Friday
2029-02-10,2028,45,Saturday
2029-02-11,2028,45,Sunday
2029-02-12,2028,46,Monday
2029-02-13,2028,46,Tuesday
2029-02-14,2028,46,Wednesday
2029-02-15,2028,46,Thursday
2029-02-16,2028,46,Friday
2029-02-17,2028,46,Saturday
2029-02-18,2028,46,Sunday
2029-02-19,2028,47,Monday
2029-02-20,2028,47,Tuesday
2029-02-21,2028,47,Wednesday
2029-02-22,2028,47,Thursday
2029-02-23,2028,47,Friday
2029-02-24,2028,47,Saturday
2029-02-25,2028,47,Sunday
2029-02-26,2028,48,Monday
2029-02-27,2028,48,Tuesday
2029-02-28,2028,48,Wednesday
2029-03-01,2028,48,Thursday
2029-03-02,2028,48,Friday
2029-03-03,2028,48,Saturday
2029-03-04,2028,48,Sunday
2029-03-05,2028,49,Monday
2029-03-06,2028,49,Tuesday
2029-03-07,2028,49,Wednesday
2029-03-08,2028,49,Thursday
2029-03-09,2028,49,Friday
2029-03-10,2028,49,Saturday
2029-03-11,2028,49,Sunday
2029-03-12,2028,50,Monday
2029-03-13,2028,50,Tuesday
2029-03-14,2028,50,Wednesday
2029-03-15,2028,50,Thursday
2029-03-16,2028,50,Friday
2029-03-17,2028,50,Saturday
2029-03-18,2028,50,Sunday
2029-03-19,2028,51,Monday
2029-03-20,2028,51,Tuesday
2029-03-21,2028,51,Wednesday
2029-03-22,2028,51,Thursday
2029-03-23,2028,51,Friday
2029-03-24,2028,51,Saturday
2029-03-25,2028,51,Sunday
2029-03-26,2028,52,Monday
2029-03-27,2028,52,Tuesday
2029-03-28,2028,52,Wednesday
2029-03-29,2028,52,Thursday
2029-03-30,2028,52,Friday
2029-03-31,2028,52,Saturday
2029-04-01,2028,52,Sunday
2029-04-02,2029,1,Monday
2029-04-03,2029,1,Tuesday
2029-04-04,2029,1,Wednesday
2029-04-05,2029,1,Thursday
2029-04-06,2029,1,Friday
2029-04-07,2029,1,Saturday
2029-04-08,2029,1,Sunday
2029-04-09,2029,2,Monday
2029-04-10,2029,2,Tuesday
2029-04-11,2029,2,Wednesday
2029-04-12,2029,2,Thursday
2029-04-13,2029,2,Friday
2029-04-14,2029,2,Saturday
2029-04-15,2029,2,Sunday
2029-04-16,2029,3,Monday
2029-04-17,2029,3,Tuesday
2029-04-18,2029,3,Wednesday
2029-04-19,2029,3,Thursday
2029-04-20,2029,3,Friday
2029-04-21,2029,3,Saturday
2029-04-22,2029,3,Sunday
2029-04-23,2029,4,Monday
2029-04-24,2029,4,Tuesday
2029-04-25,2029,4,Wednesday
2029-04-26,2029,4,Thursday
2029-04-27,2029,4,Friday
2029-04-28,2029,4,Saturday
2029-04-29,2029,4,Sunday
2029-04-30,2029,5,Monday
2029-05-01,2029,5,Tuesday
2029-05-02,2029,5,Wednesday
2029-05-03,2029,5,Thursday
2029-05-04,2029,5,Friday
2029-05-05,2029,5,Saturday
2029-05-06,2029,5,Sunday
2029-05-07,2029,6,Monday
2029-05-08,2029,6,Tuesday
2029-05-09,2029,6,Wednesday
2029-05-10,2029,6,Thursday
2029-05-11,2029,6,Friday
2029-05-12,2029,6,Saturday
2029-05-13,2029,6,Sunday
2029-05-14,2029,7,Monday
2029-05-15,2029,7,Tuesday
2029-05-16,2029,7,Wednesday
2029-05-17,2029,7,Thursday
2029-05-18,2029,7,Friday
2029-05-19,2029,7,Saturday
2029-05-20,2029,7,Sunday
2029-05-21,2029,8,Monday
2029-05-22,2029,8,Tuesday
2029-05-23,2029,8,Wednesday
2029-05-24,2029,8,Thursday
2029-05-25,2029,8,Friday
2029-05-26,2029,8,Saturday
2029-05-27,2029,8,Sunday
2029-05-28,2029,9,Monday
2029-05-29,2029,9,Tuesday
2029-05-30,2029,9,Wednesday
2029-05-31,2029,9,Thursday
2029-06-01,2029,9,Friday
2029-06-02,2029,9,Saturday
2029-06-03,2029,9,Sunday
2029-06-04,2029,10,Monday
2029-06-05,2029,10,Tuesday
2029-06-06,2029,10,Wednesday
2029-06-07,2029,10,Thursday
2029-06-08,2029,10,Friday
2029-06-09,2029,10,Saturday
2029-06-10,2029,10,Sunday
2029-06-11,2029,11,Monday
2029-06-12,2029,11,Tuesday
2029-06-13,2029,11,Wednesday
2029-06-14,2029,11,Thursday
2029-06-15,2029,11,Friday
2029-06-16,2029,11,Saturday
2029-06-17,2029,11,Sunday
2029-06-18,2029,12,Monday
2029-06-19,2029,12,Tuesday
2029-06-20,2029,12,Wednesday
2029-06-21,2029,12,Thursday
2029-06-22,2029,12,Friday
2029-06-23,2029,12,Saturday
2029-06-24,2029,12,Sunday
2029-06-25,2029,13,Monday
2029-06-26,2029,13,Tuesday
2029-06-27,2029,13,Wednesday
2029-06-28,2029,13,Thursday
2029-06-29,2029,13,Friday
2029-06-30,2029,13,Saturday
2029-07-01,2029,13,Sunday
2029-07-02,2029,14,Monday
2029-07-03,2029,14,Tuesday
2029-07-04,2029,14,Wednesday
2029-07-05,2029,14,Thursday
2029-07-06,2029,14,Friday
2029-07-07,2029,14,Saturday
2029-07-08,2029,14,Sunday
2029-07-09,2029,15,Monday
2029-07-10,2029,15,Tuesday
2029-07-11,2029,15,Wednesday
2029-07-12,2029,15,Thursday
2029-07-13,2029,15,Friday
2029-07-14,2029,15,Saturday
2029-07-15,2029,15,Sunday
2029-07-16,2029,16,Monday
2029-07-17,2029,16,Tuesday
2029-07-18,2029,16,Wednesday
2029-07-19,2029,16,Thursday
2029-07-20,2029,16,Friday
2029-07-21,2029,16,Saturday
2029-07-22,2029,16,Sunday
2029-07-23,2029,17,Monday
2029-07-24,2029,17,Tuesday
2029-07-25,2029,17,Wednesday
2029-07-26,2029,17,Thursday
2029-07-27,2029,17,Friday
2029-07-28,2029,17,Saturday
2029-07-29,2029,17,Sunday
2029-07-30,2029,18,Monday
2029-07-31,2029,18,Tuesday
2029-08-01,2029,18,Wednesday
2029-08-02,2029,18,Thursday
2029-08-03,2029,18,Friday
2029-08-04,2029,18,Saturday
2029-08-05,2029,18,Sunday
2029-08-06,2029,19,Monday
2029-08-07,2029,19,Tuesday
2029-08-08,2029,19,Wednesday
2029-08-09,2029,19,Thursday
2029-08-10,2029,19,Friday
2029-08-11,2029,19,Saturday
2029-08-12,2029,19,Sunday
2029-08-13,2029,20,Monday
2029-08-14,2029,20,Tuesday
2029-08-15,2029,20,Wednesday
2029-08-16,2029,20,Thursday
2029-08-17,2029,20,Friday
2029-08-18,2029,20,Saturday
2029-08-19,2029,20,Sunday
2029-08-20,2029,21,Monday
2029-08-21,2029,21,Tuesday
2029-08-22,2029,21,Wednesday
2029-08-23,2029,21,Thursday
2029-08-24,2029,21,Friday
2029-08-25,2029,21,Saturday
2029-08-26,2029,21,Sunday
2029-08-27,2029,22,Monday
2029-08-28,2029,22,Tuesday
2029-08-29,2029,22,Wednesday
2029-08-30,2029,22,Thursday
2029-08-31,2029,22,Friday
2029-09-01,2029,22,Saturday
2029-09-02,2029,22,Sunday
2029-09-03,2029,23,Monday
2029-09-04,2029,23,Tuesday
2029-09-05,2029,23,Wednesday
2029-09-06,2029,23,Thursday
2029-09-07,2029,23,Friday
2029-09-08,2029,23,Saturday
2029-09-09,2029,23,Sunday
2029-09-10,2029,24,Monday
2029-09-11,2029,24,Tuesday
2029-09-12,2029,24,Wednesday
2029-09-13,2029,24,Thursday
2029-09-14,2029,24,Friday
2029-09-15,2029,24,Saturday
2029-09-16,2029,24,Sunday
2029-09-17,2029,25,Monday
2029-09-18,2029,25,Tuesday
2029-09-19,2029,25,Wednesday
2029-09-20,2029,25,Thursday
2029-09-21,2029,25,Friday
2029-09-22,2029,25,Saturday
2029-09-23,2029,25,Sunday
2029-09-24,2029,26,Monday
2029-09-25,2029,26,Tuesday
2029-09-26,2029,26,Wednesday
2029-09-27,2029,26,Thursday
2029-09-28,2029,26,Friday
2029-09-29,2029,26,Saturday
2029-09-30,2029,26,Sunday
2029-10-01,2029,27,Monday
2029-10-02,2029,27,Tuesday
2029-10-03,2029,27,Wednesday
2029-10-04,2029,27,Thursday
2029-10-05,2029,27,Friday
2029-10-06,2029,27,Saturday
2029-10-07,2029,27,Sunday
2029-10-08,2029,28,Monday
2029-10-09,2029,28,Tuesday
2029-10-10,2029,28,Wednesday
2029-10-11,2029,28,Thursday
2029-10-12,2029,28,Friday
2029-10-13,2029,28,Saturday
2029-10-14,2029,28,Sunday
2029-10-15,2029,29,Monday
2029-10-16,2029,29,Tuesday
2029-10-17,2029,29,Wednesday
2029-10-18,2029,29,Thursday
2029-10-19,2029,29,Friday
2029-10-20,2029,29,Saturday
2029-10-21,2029,29,Sunday
2029-10-22,2029,30,Monday
2029-10-23,2029,30,Tuesday
2029-10-24,2029,30,Wednesday
2029-10-25,2029,30,Thursday
2029-10-26,2029,30,Friday
2029-10-27,2029,30,Saturday
2029-10-28,2029,30,Sunday
2029-10-29,2029,31,Monday
2029-10-30,2029,31,Tuesday
2029-10-31,2029,31,Wednesday
2029-11-01,2029,31,Thursday
2029-11-02,2029,31,Friday
2029-11-03,2029,31,Saturday
2029-11-04,2029,31,Sunday
2029-11-05,2029,32,Monday
2029-11-06,2029,32,Tuesday
2029-11-07,2029,32,Wednesday
2029-11-08,2029,32,Thursday
2029-11-09,2029,32,Friday
2029-11-10,2029,32,Saturday
2029-11-11,2029,32,Sunday
2029-11-12,2029,33,Monday
2029-11-13,2029,33,Tuesday
2029-11-14,2029,33,Wednesday
2029-11-15,2029,33,Thursday
2029-11-16,2029,33,Friday
2029-11-17,2029,33,Saturday
2029-11-18,2029,33,Sunday
2029-11-19,2029,34,Monday
2029-11-20,2029,34,Tuesday
2029-11-21,2029,34,Wednesday
2029-11-22,2029,34,Thursday
2029-11-23,2029,34,Friday
2029-11-24,2029,34,Saturday
2029-11-25,2029,34,Sunday
2029-11-26,2029,35,Monday
2029-11-27,2029,35,Tuesday
2029-11-28,2029,35,Wednesday
2029-11-29,2029,35,Thursday
2029-11-30,2029,35,Friday
2029-12-01,2029,35,Saturday
2029-12-02,2029,35,Sunday
2029-12-03,2029,36,Monday
2029-12-04,2029,36,Tuesday
2029-12-05,2029,36,Wednesday
2029-12-06,2029,36,Thursday
2029-12-07,2029,36,Friday
2029-12-08,2029,36,Saturday
2029-12-09,2029,36,Sunday
2029-12-10,2029,37,Monday
2029-12-11,2029,37,Tuesday
2029-12-12,2029,37,Wednesday
2029-12-13,2029,37,Thursday
2029-12-14,2029,37,Friday
2029-12-15,2029,37,Saturday
2029-12-16,2029,37,Sunday
2029-12-17,2029,38,Monday
2029-12-18,2029,38,Tuesday
2029-12-19,2029,38,Wednesday
2029-12-20,2029,38,Thursday
2029-12-21,2029,38,Friday
2029-12-22,2029,38,Saturday
2029-12-23,2029,38,Sunday
2029-12-24,2029,39,Monday
2029-12-25,2029,39,Tuesday
2029-12-26,2029,39,Wednesday
2029-12-27,2029,39,Thursday
2029-12-28,2029,39,Friday
2029-12-29,2029,39,Saturday
2029-12-30,2029,39,Sunday
2029-12-31,2029,40,Monday
2030-01-01,2029,40,Tuesday
2030-01-02,2029,40,Wednesday
2030-01-03,2029,40,Thursday
2030-01-04,2029,40,Friday
2030-01-05,2029,40,Saturday
2030-01-06,2029,40,Sunday
2030-01-07,2029,41,Monday
2030-01-08,2029,41,Tuesday
2030-01-09,2029,41,Wednesday
2030-01-10,2029,41,Thursday
2030-01-11,2029,41,Friday
2030-01-12,2029,41,Saturday
2030-01-13,2029,41,Sunday
2030-01-14,2029,42,Monday
2030-01-15,2029,42,Tuesday
2030-01-16,2029,42,Wednesday
2030-01-17,2029,42,Thursday
2030-01-18,2029,42,Friday
2030-01-19,2029,42,Saturday
2030-01-20,2029,42,Sunday
2030-01-21,2029,43,Monday
2030-01-22,2029,43,Tuesday
2030-01-23,2029,43,Wednesday
2030-01-24,2029,43,Thursday
2030-01-25,2029,43,Friday
2030-01-26,2029,43,Saturday
2030-01-27,2029,43,Sunday
2030-01-28,2029,44,Monday
2030-01-29,2029,44,Tuesday
2030-01-30,2029,44,Wednesday
2030-01-31,2029,44,Thursday
2030-02-01,2029,44,Friday
2030-02-02,2029,44,Saturday
2030-02-03,2029,44,Sunday
2030-02-04,2029,45,Monday
2030-02-05,2029,45,Tuesday
2030-02-06,2029,45,Wednesday
2030-02-07,2029,45,Thursday
2030-02-08,2029,45,Friday
2030-02-09,2029,45,Saturday
2030-02-10,2029,45,Sunday
2030-02-11,2029,46,Monday
2030-02-12,2029,46,Tuesday
2030-02-13,2029,46,Wednesday
2030-02-14,2029,46,Thursday
2030-02-15,2029,46,Friday
2030-02-16,2029,46,Saturday
2030-02-17,2029,46,Sunday
2030-02-18,2029,47,Monday
2030-02-19,2029,47,Tuesday
2030-02-20,2029,47,Wednesday
2030-02-21,2029,47,Thursday
2030-02-22,2029,47,Friday
2030-02-23,2029,47,Saturday
2030-02-24,2029,47,Sunday
2030-02-25,2029,48,Monday
2030-02-26,2029,48,Tuesday
2030-02-27,2029,48,Wednesday
2030-02-28,2029,48,Thursday
2030-03-01,2029,48,Friday
2030-03-02,2029,48,Saturday
2030-03-03,2029,48,Sunday
2030-03-04,2029,49,Monday
2030-03-05,2029,49,Tuesday
2030-03-06,2029,49,Wednesday
2030-03-07,2029,49,Thursday
2030-03-08,2029,49,Friday
2030-03-09,2029,49,Saturday
2030-03-10,2029,49,Sunday
2030-03-11,2029,50,Monday
2030-03-12,2029,50,Tuesday
2030-03-13,2029,50,Wednesday
2030-03-14,2029,50,Thursday
2030-03-15,2029,50,Friday
2030-03-16,2029,50,Saturday
2030-03-17,2029,50,Sunday
2030-03-18,2029,51,Monday
2030-03-19,2029,51,Tuesday
2030-03-20,2029,51,Wednesday
2030-03-21,2029,51,Thursday
2030-03-22,2029,51,Friday
2030-03-23,2029,51,Saturday
2030-03-24,2029,51,Sunday
2030-03-25,2029,52,Monday
2030-03-26,2029,52,Tuesday
2030-03-27,2029,52,Wednesday
2030-03-28,2029,52,Thursday
2030-03-29,2029,52,Friday
2030-03-30,2029,52,Saturday
2030-03-31,2029,52,Sunday
2030-04-01,2030,1,Monday
2030-04-02,2030,1,Tuesday
2030-04-03,2030,1,Wednesday
2030-04-04,2030,1,Thursday
2030-04-05,2030,1,Friday
2030-04-06,2030,1,Saturday
2030-04-07,2030,1,Sunday
2030-04-08,2030,2,Monday
2030-04-09,2030,2,Tuesday
2030-04-10,2030,2,Wednesday
2030-04-11,2030,2,Thursday
2030-04-12,2030,2,Friday
2030-04-13,2030,2,Saturday
2030-04-14,2030,2,Sunday
2030-04-15,2030,3,Monday
2030-04-16,2030,3,Tuesday
2030-04-17,2030,3,Wednesday
2030-04-18,2030,3,Thursday
2030-04-19,2030,3,Friday
2030-04-20,2030,3,Saturday
2030-04-21,2030,3,Sunday
2030-04-22,2030,4,Monday
2030-04-23,2030,4,Tuesday
2030-04-24,2030,4,Wednesday
2030-04-25,2030,4,Thursday
2030-04-26,2030,4,Friday
2030-04-27,2030,4,Saturday
2030-04-28,2030,4,Sunday
2030-04-29,2030,5,Monday
2030-04-30,2030,5,Tuesday
2030-05-01,2030,5,Wednesday
2030-05-02,2030,5,Thursday
2030-05-03,2030,5,Friday
2030-05-04,2030,5,Saturday
2030-05-05,2030,5,Sunday
2030-05-06,2030,6,Monday
2030-05-07,2030,6,Tuesday
2030-05-08,2030,6,Wednesday
2030-05-09,2030,6,Thursday
2030-05-10,2030,6,Friday
2030-05-11,2030,6,Saturday
2030-05-12,2030,6,Sunday
2030-05-13,2030,7,Monday
2030-05-14,2030,7,Tuesday
2030-05-15,2030,7,Wednesday
2030-05-16,2030,7,Thursday
2030-05-17,2030,7,Friday
2030-05-18,2030,7,Saturday
2030-05-19,2030,7,Sunday
2030-05-20,2030,8,Monday
2030-05-21,2030,8,Tuesday
2030-05-22,2030,8,Wednesday
2030-05-23,2030,8,Thursday
2030-05-24,2030,8,Friday
2030-05-25,2030,8,Saturday
2030-05-26,2030,8,Sunday
2030-05-27,2030,9,Monday
2030-05-28,2030,9,Tuesday
2030-05-29,2030,9,Wednesday
2030-05-30,2030,9,Thursday
2030-05-31,2030,9,Friday
2030-06-01,2030,9,Saturday
2030-06-02,2030,9,Sunday
2030-06-03,2030,10,Monday
2030-06-04,2030,10,Tuesday
2030-06-05,2030,10,Wednesday
2030-06-06,2030,10,Thursday
2030-06-07,2030,10,Friday
2030-06-08,2030,10,Saturday
2030-06-09,2030,10,Sunday
2030-06-10,2030,11,Monday
2030-06-11,2030,11,Tuesday
2030-06-12,2030,11,Wednesday
2030-06-13,2030,11,Thursday
2030-06-14,2030,11,Friday
2030-06-15,2030,11,Saturday
2030-06-16,2030,11,Sunday
2030-06-17,2030,12,Monday
2030-06-18,2030,12,Tuesday
2030-06-19,2030,12,Wednesday
2030-06-20,2030,12,Thursday
2030-06-21,2030,12,Friday
2030-06-22,2030,12,Saturday
2030-06-23,2030,12,Sunday
2030-06-24,2030,13,Monday
2030-06-25,2030,13,Tuesday
2030-06-26,2030,13,Wednesday
2030-06-27,2030,13,Thursday
2030-06-28,2030,13,Friday
2030-06-29,2030,13,Saturday
2030-06-30,2030,13,Sunday
2030-07-01,2030,14,Monday
2030-07-02,2030,14,Tuesday
2030-07-03,2030,14,Wednesday
2030-07-04,2030,14,Thursday
2030-07-05,2030,14,Friday
2030-07-06,2030,14,Saturday
2030-07-07,2030,14,Sunday
2030-07-08,2030,15,Monday
2030-07-09,2030,15,Tuesday
2030-07-10,2030,15,Wednesday
2030-07-11,2030,15,Thursday
2030-07-12,2030,15,Friday
2030-07-13,2030,15,Saturday
2030-07-14,2030,15,Sunday
2030-07-15,2030,16,Monday
2030-07-16,2030,16,Tuesday
2030-07-17,2030,16,Wednesday
2030-07-18,2030,16,Thursday
2030-07-19,2030,16,Friday
2030-07-20,2030,16,Saturday
2030-07-21,2030,16,Sunday
2030-07-22,2030,17,Monday
2030-07-23,2030,17,Tuesday
2030-07-24,2030,17,Wednesday
2030-07-25,2030,17,Thursday
2030-07-26,2030,17,Friday
2030-07-27,2030,17,Saturday
2030-07-28,2030,17,Sunday
2030-07-29,2030,18,Monday
2030-07-30,2030,18,Tuesday
2030-07-31,2030,18,Wednesday
2030-08-01,2030,18,Thursday
2030-08-02,2030,18,Friday
2030-08-03,2030,18,Saturday
2030-08-04,2030,18,Sunday
2030-08-05,2030,19,Monday
2030-08-06,2030,19,Tuesday
2030-08-07,2030,19,Wednesday
2030-08-08,2030,19,Thursday
2030-08-09,2030,19,Friday
2030-08-10,2030,19,Saturday
2030-08-11,2030,19,Sunday
2030-08-12,2030,20,Monday
2030-08-13,2030,20,Tuesday
2030-08-14,2030,20,Wednesday
2030-08-15,2030,20,Thursday
2030-08-16,2030,20,Friday
2030-08-17,2030,20,Saturday
2030-08-18,2030,20,Sunday
2030-08-19,2030,21,Monday
2030-08-20,2030,21,Tuesday
2030-08-21,2030,21,Wednesday
2030-08-22,2030,21,Thursday
2030-08-23,2030,21,Friday
2030-08-24,2030,21,Saturday
2030-08-25,2030,21,Sunday
2030-08-26,2030,22,Monday
2030-08-27,2030,22,Tuesday
2030-08-28,2030,22,Wednesday
2030-08-29,2030,22,Thursday
2030-08-30,2030,22,Friday
2030-08-31,2030,22,Saturday
2030-09-01,2030,22,Sunday
2030-09-02,2030,23,Monday
2030-09-03,2030,23,Tuesday
2030-09-04,2030,23,Wednesday
2030-09-05,2030,23,Thursday
2030-09-06,2030,23,Friday
2030-09-07,2030,23,Saturday
2030-09-08,2030,23,Sunday
2030-09-09,2030,24,Monday
2030-09-10,2030,24,Tuesday
2030-09-11,2030,24,Wednesday
2030-09-12,2030,24,Thursday
2030-09-13,2030,24,Friday
2030-09-14,2030,24,Saturday
2030-09-15,2030,24,Sunday
2030-09-16,2030,25,Monday
2030-09-17,2030,25,Tuesday
2030-09-18,2030,25,Wednesday
2030-09-19,2030,25,Thursday
2030-09-20,2030,25,Friday
2030-09-21,2030,25,Saturday
2030-09-22,2030,25,Sunday
2030-09-23,2030,26,Monday
2030-09-24,2030,26,Tuesday
2030-09-25,2030,26,Wednesday
2030-09-26,2030,26,Thursday
2030-09-27,2030,26,Friday
2030-09-28,2030,26,Saturday
2030-09-29,2030,26,Sunday
2030-09-30,2030,27,Monday
2030-10-01,2030,27,Tuesday
2030-10-02,2030,27,Wednesday
2030-10-03,2030,27,Thursday
2030-10-04,2030,27,Friday
2030-10-05,2030,27,Saturday
2030-10-06,2030,27,Sunday
2030-10-07,2030,28,Monday
2030-10-08,2030,28,Tuesday
2030-10-09,2030,28,Wednesday
2030-10-10,2030,28,Thursday
2030-10-11,2030,28,Friday
2030-10-12,2030,28,Saturday
2030-10-13,2030,28,Sunday
2030-10-14,2030,29,Monday
2030-10-15,2030,29,Tuesday
2030-10-16,2030,29,Wednesday
2030-10-17,2030,29,Thursday
2030-10-18,2030,29,Friday
2030-10-19,2030,29,Saturday
2030-10-20,2030,29,Sunday
2030-10-21,2030,30,Monday
2030-10-22,2030,30,Tuesday
2030-10-23,2030,30,Wednesday
2030-10-24,2030,30,Thursday
2030-10-25,2030,30,Friday
2030-10-26,2030,30,Saturday
2030-10-27,2030,30,Sunday
2030-10-28,2030,31,Monday
2030-10-29,2030,31,Tuesday
2030-10-30,2030,31,Wednesday
2030-10-31,2030,31,Thursday
2030-11-01,2030,31,Friday
2030-11-02,2030,31,Saturday
2030-11-03,2030,31,Sunday
2030-11-04,2030,32,Monday
2030-11-05,2030,32,Tuesday
2030-11-06,2030,32,Wednesday
2030-11-07,2030,32,Thursday
2030-11-08,2030,32,Friday
2030-11-09,2030,32,Saturday
2030-11-10,2030,32,Sunday
2030-11-11,2030,33,Monday
2030-11-12,2030,33,Tuesday
2030-11-13,2030,33,Wednesday
2030-11-14,2030,33,Thursday
2030-11-15,2030,33,Friday
2030-11-16,2030,33,Saturday
2030-11-17,2030,33,Sunday
2030-11-18,2030,34,Monday
2030-11-19,2030,34,Tuesday
2030-11-20,2030,34,Wednesday
2030-11-21,2030,34,Thursday
2030-11-22,2030,34,Friday
2030-11-23,2030,34,Saturday
2030-11-24,2030,34,Sunday
2030-11-25,2030,35,Monday
2030-11-26,2030,35,Tuesday
2030-11-27,2030,35,Wednesday
2030-11-28,2030,35,Thursday
2030-11-29,2030,35,Friday
2030-11-30,2030,35,Saturday
2030-12-01,2030,35,Sunday
2030-12-02,2030,36,Monday
2030-12-03,2030,36,Tuesday
2030-12-04,2030,36,Wednesday
2030-12-05,2030,36,Thursday
2030-12-06,2030,36,Friday
2030-12-07,2030,36,Saturday
2030-12-08,2030,36,Sunday
2030-12-09,2030,37,Monday
2030-12-10,2030,37,Tuesday
2030-12-11,2030,37,Wednesday
2030-12-12,2030,37,Thursday
2030-12-13,2030,37,Friday
2030-12-14,2030,37,Saturday
2030-12-15,2030,37,Sunday
2030-12-16,2030,38,Monday
2030-12-17,2030,38,Tuesday
2030-12-18,2030,38,Wednesday
2030-12-19,2030,38,Thursday
2030-12-20,2030,38,Friday
2030-12-21,2030,38,Saturday
2030-12-22,2030,38,Sunday
2030-12-23,2030,39,Monday
2030-12-24,2030,39,Tuesday
2030-12-25,2030,39,Wednesday
2030-12-26,2030,39,Thursday
2030-12-27,2030,39,Friday
2030-12-28,2030,39,Saturday
2030-12-29,2030,39,Sunday
2030-12-30,2030,40,Monday
2030-12-31,2030,40,Tuesday
2031-01-01,2030,40,Wednesday
2031-01-02,2030,40,Thursday
2031-01-03,2030,40,Friday
2031-01-04,2030,40,Saturday
2031-01-05,2030,40,Sunday
2031-01-06,2030,41,Monday
2031-01-07,2030,41,Tuesday
2031-01-08,2030,41,Wednesday
2031-01-09,2030,41,Thursday
2031-01-10,2030,41,Friday
2031-01-11,2030,41,Saturday
2031-01-12,2030,41,Sunday
2031-01-13,2030,42,Monday
2031-01-14,2030,42,Tuesday
2031-01-15,2030,42,Wednesday
2031-01-16,2030,42,Thursday
2031-01-17,2030,42,Friday
2031-01-18,2030,42,Saturday
2031-01-19,2030,42,Sunday
2031-01-20,2030,43,Monday
2031-01-21,2030,43,Tuesday
2031-01-22,2030,43,Wednesday
2031-01-23,2030,43,Thursday
2031-01-24,2030,43,Friday
2031-01-25,2030,43,Saturday
2031-01-26,2030,43,Sunday
2031-01-27,2030,44,Monday
2031-01-28,2030,44,Tuesday
2031-01-29,2030,44,Wednesday
2031-01-30,2030,44,Thursday
2031-01-31,2030,44,Friday
2031-02-01,2030,44,Saturday
2031-02-02,2030,44,Sunday
2031-02-03,2030,45,Monday
2031-02-04,2030,45,Tuesday
2031-02-05,2030,45,Wednesday
2031-02-06,2030,45,Thursday
2031-02-07,2030,45,Friday
2031-02-08,2030,45,Saturday
2031-02-09,2030,45,Sunday
2031-02-10,2030,46,Monday
2031-02-11,2030,46,Tuesday
2031-02-12,2030,46,Wednesday
2031-02-13,2030,46,Thursday
2031-02-14,2030,46,Friday
2031-02-15,2030,46,Saturday
2031-02-16,2030,46,Sunday
2031-02-17,2030,47,Monday
2031-02-18,2030,47,Tuesday
2031-02-19,2030,47,Wednesday
2031-02-20,2030,47,Thursday
2031-02-21,2030,47,Friday
2031-02-22,2030,47,Saturday
2031-02-23,2030,47,Sunday
2031-02-24,2030,48,Monday
2031-02-25,2030,48,Tuesday
2031-02-26,2030,48,Wednesday
2031-02-27,2030,48,Thursday
2031-02-28,2030,48,Friday
2031-03-01,2030,48,Saturday
2031-03-02,2030,48,Sunday
2031-03-03,2030,49,Monday
2031-03-04,2030,49,Tuesday
2031-03-05,2030,49,Wednesday
2031-03-06,2030,49,Thursday
2031-03-07,2030,49,Friday
2031-03-08,2030,49,Saturday
2031-03-09,2030,49,Sunday
2031-03-10,2030,50,Monday
2031-03-11,2030,50,Tuesday
2031-03-12,2030,50,Wednesday
2031-03-13,2030,50,Thursday
2031-03-14,2030,50,Friday
2031-03-15,2030,50,Saturday
2031-03-16,2030,50,Sunday
2031-03-17,2030,51,Monday
2031-03-18,2030,51,Tuesday
2031-03-19,2030,51,Wednesday
2031-03-20,2030,51,Thursday
2031-03-21,2030,51,Friday
2031-03-22,2030,51,Saturday
2031-03-23,2030,51,Sunday
2031-03-24,2030,52,Monday
2031-03-25,2030,52,Tuesday
2031-03-26,2030,52,Wednesday
2031-03-27,2030,52,Thursday
2031-03-28,2030,52,Friday
2031-03-29,2030,52,Saturday
2031-03-30,2030,52,Sunday
2031-03-31,2031,1,Monday
2031-04-01,2031,1,Tuesday
2031-04-02,2031,1,Wednesday
2031-04-03,2031,1,Thursday
2031-04-04,2031,1,Friday
2031-04-05,2031,1,Saturday
2031-04-06,2031,1,Sunday
2031-04-07,2031,2,Monday
2031-04-08,2031,2,Tuesday
2031-04-09,2031,2,Wednesday
2031-04-10,2031,2,Thursday
2031-04-11,2031,2,Friday
2031-04-12,2031,2,Saturday
2031-04-13,2031,2,Sunday
2031-04-14,2031,3,Monday
2031-04-15,2031,3,Tuesday
2031-04-16,2031,3,Wednesday
2031-04-17,2031,3,Thursday
2031-04-18,2031,3,Friday
2031-04-19,2031,3,Saturday
2031-04-20,2031,3,Sunday
2031-04-21,2031,4,Monday
2031-04-22,2031,4,Tuesday
2031-04-23,2031,4,Wednesday
2031-04-24,2031,4,Thursday
2031-04-25,2031,4,Friday
2031-04-26,2031,4,Saturday
2031-04-27,2031,4,Sunday
2031-04-28,2031,5,Monday
2031-04-29,2031,5,Tuesday
2031-04-30,2031,5,Wednesday
2031-05-01,2031,5,Thursday
2031-05-02,2031,5,Friday
2031-05-03,2031,5,Saturday
2031-05-04,2031,5,Sunday
2031-05-05,2031,6,Monday
2031-05-06,2031,6,Tuesday
2031-05-07,2031,6,Wednesday
2031-05-08,2031,6,Thursday
2031-05-09,2031,6,Friday
2031-05-10,2031,6,Saturday
2031-05-11,2031,6,Sunday
2031-05-12,2031,7,Monday
2031-05-13,2031,7,Tuesday
2031-05-14,2031,7,Wednesday
2031-05-15,2031,7,Thursday
2031-05-16,2031,7,Friday
2031-05-17,2031,7,Saturday
2031-05-18,2031,7,Sunday
2031-05-19,2031,8,Monday
2031-05-20,2031,8,Tuesday
2031-05-21,2031,8,Wednesday
2031-05-22,2031,8,Thursday
2031-05-23,2031,8,Friday
2031-05-24,2031,8,Saturday
2031-05-25,2031,8,Sunday
2031-05-26,2031,9,Monday
2031-05-27,2031,9,Tuesday
2031-05-28,2031,9,Wednesday
2031-05-29,2031,9,Thursday
2031-05-30,2031,9,Friday
2031-05-31,2031,9,Saturday
2031-06-01,2031,9,Sunday
2031-06-02,2031,10,Monday
2031-06-03,2031,10,Tuesday
2031-06-04,2031,10,Wednesday
2031-06-05,2031,10,Thursday
2031-06-06,2031,10,Friday
2031-06-07,2031,10,Saturday
2031-06-08,2031,10,Sunday
2031-06-09,2031,11,Monday
2031-06-10,2031,11,Tuesday
2031-06-11,2031,11,Wednesday
2031-06-12,2031,11,Thursday
2031-06-13,2031,11,Friday
2031-06-14,2031,11,Saturday
2031-06-15,2031,11,Sunday
2031-06-16,2031,12,Monday
2031-06-17,2031,12,Tuesday
2031-06-18,2031,12,Wednesday
2031-06-19,2031,12,Thursday
2031-06-20,2031,12,Friday
2031-06-21,2031,12,Saturday
2031-06-22,2031,12,Sunday
2031-06-23,2031,13,Monday
2031-06-24,2031,13,Tuesday
2031-06-25,2031,13,Wednesday
2031-06-26,2031,13,Thursday
2031-06-27,2031,13,Friday
2031-06-28,2031,13,Saturday
2031-06-29,2031,13,Sunday
2031-06-30,2031,14,Monday
2031-07-01,2031,14,Tuesday
2031-07-02,2031,14,Wednesday
2031-07-03,2031,14,Thursday
2031-07-04,2031,14,Friday
2031-07-05,2031,14,Saturday
2031-07-06,2031,14,Sunday
2031-07-07,2031,15,Monday
2031-07-08,2031,15,Tuesday
2031-07-09,2031,15,Wednesday
2031-07-10,2031,15,Thursday
2031-07-11,2031,15,Friday
2031-07-12,2031,15,Saturday
2031-07-13,2031,15,Sunday
2031-07-14,2031,16,Monday
2031-07-15,2031,16,Tuesday
2031-07-16,2031,16,Wednesday
2031-07-17,2031,16,Thursday
2031-07-18,2031,16,Friday
2031-07-19,2031,16,Saturday
2031-07-20,2031,16,Sunday
2031-07-21,2031,17,Monday
2031-07-22,2031,17,Tuesday
2031-07-23,2031,17,Wednesday
2031-07-24,2031,17,Thursday
2031-07-25,2031,17,Friday
2031-07-26,2031,17,Saturday
2031-07-27,2031,17,Sunday
2031-07-28,2031,18,Monday
2031-07-29,2031,18,Tuesday
2031-07-30,2031,18,Wednesday
2031-07-31,2031,18,Thursday
2031-08-01,2031,18,Friday
2031-08-02,2031,18,Saturday
2031-08-03,2031,18,Sunday
2031-08-04,2031,19,Monday
2031-08-05,2031,19,Tuesday
2031-08-06,2031,19,Wednesday
2031-08-07,2031,19,Thursday
2031-08-08,2031,19,Friday
2031-08-09,2031,19,Saturday
2031-08-10,2031,19,Sunday
2031-08-11,2031,20,Monday
2031-08-12,2031,20,Tuesday
2031-08-13,2031,20,Wednesday
2031-08-14,2031,20,Thursday
2031-08-15,2031,20,Friday
2031-08-16,2031,20,Saturday
2031-08-17,2031,20,Sunday
2031-08-18,2031,21,Monday
2031-08-19,2031,21,Tuesday
2031-08-20,2031,21,Wednesday
2031-08-21,2031,21,Thursday
2031-08-22,2031,21,Friday
2031-08-23,2031,21,Saturday
2031-08-24,2031,21,Sunday
2031-08-25,2031,22,Monday
2031-08-26,2031,22,Tuesday
2031-08-27,2031,22,Wednesday
2031-08-28,2031,22,Thursday
2031-08-29,2031,22,Friday
2031-08-30,2031,22,Saturday
2031-08-31,2031,22,Sunday
2031-09-01,2031,23,Monday
2031-09-02,2031,23,Tuesday
2031-09-03,2031,23,Wednesday
2031-09-04,2031,23,Thursday
2031-09-05,2031,23,Friday
2031-09-06,2031,23,Saturday
2031-09-07,2031,23,Sunday
2031-09-08,2031,24,Monday
2031-09-09,2031,24,Tuesday
2031-09-10,2031,24,Wednesday
2031-09-11,2031,24,Thursday
2031-09-12,2031,24,Friday
2031-09-13,2031,24,Saturday
2031-09-14,2031,24,Sunday
2031-09-15,2031,25,Monday
2031-09-16,2031,25,Tuesday
2031-09-17,2031,25,Wednesday
2031-09-18,2031,25,Thursday
2031-09-19,2031,25,Friday
2031-09-20,2031,25,Saturday
2031-09-21,2031,25,Sunday
2031-09-22,2031,26,Monday
2031-09-23,2031,26,Tuesday
2031-09-24,2031,26,Wednesday
2031-09-25,2031,26,Thursday
2031-09-26,2031,26,Friday
2031-09-27,2031,26,Saturday
2031-09-28,2031,26,Sunday
2031-09-29,2031,27,Monday
2031-09-30,2031,27,Tuesday
2031-10-01,2031,27,Wednesday
2031-10-02,2031,27,Thursday
2031-10-03,2031,27,Friday
2031-10-04,2031,27,Saturday
2031-10-05,2031,27,Sunday
2031-10-06,2031,28,Monday
2031-10-07,2031,28,Tuesday
2031-10-08,2031,28,Wednesday
2031-10-09,2031,28,Thursday
2031-10-10,2031,28,Friday
2031-10-11,2031,28,Saturday
2031-10-12,2031,28,Sunday
2031-10-13,2031,29,Monday
2031-10-14,2031,29,Tuesday
2031-10-15,2031,29,Wednesday
2031-10-16,2031,29,Thursday
2031-10-17,2031,29,Friday
2031-10-18,2031,29,Saturday
2031-10-19,2031,29,Sunday
2031-10-20,2031,30,Monday
2031-10-21,2031,30,Tuesday
2031-10-22,2031,30,Wednesday
2031-10-23,2031,30,Thursday
2031-10-24,2031,30,Friday
2031-10-25,2031,30,Saturday
2031-10-26,2031,30,Sunday
2031-10-27,2031,31,Monday
2031-10-28,2031,31,Tuesday
2031-10-29,2031,31,Wednesday
2031-10-30,2031,31,Thursday
2031-10-31,2031,31,Friday
2031-11-01,2031,31,Saturday
2031-11-02,2031,31,Sunday
2031-11-03,2031,32,Monday
2031-11-04,2031,32,Tuesday
2031-11-05,2031,32,Wednesday
2031-11-06,2031,32,Thursday
2031-11-07,2031,32,Friday
2031-11-08,2031,32,Saturday
2031-11-09,2031,32,Sunday
2031-11-10,2031,33,Monday
2031-11-11,2031,33,Tuesday
2031-11-12,2031,33,Wednesday
2031-11-13,2031,33,Thursday
2031-11-14,2031,33,Friday
2031-11-15,2031,33,Saturday
2031-11-16,2031,33,Sunday
2031-11-17,2031,34,Monday
2031-11-18,2031,34,Tuesday
2031-11-19,2031,34,Wednesday
2031-11-20,2031,34,Thursday
2031-11-21,2031,34,Friday
2031-11-22,2031,34,Saturday
2031-11-23,2031,34,Sunday
2031-11-24,2031,35,Monday
2031-11-25,2031,35,Tuesday
2031-11-26,2031,35,Wednesday
2031-11-27,2031,35,Thursday
2031-11-28,2031,35,Friday
2031-11-29,2031,35,Saturday
2031-11-30,2031,35,Sunday
2031-12-01,2031,36,Monday
2031-12-02,2031,36,Tuesday
2031-12-03,2031,36,Wednesday
2031-12-04,2031,36,Thursday
2031-12-05,2031,36,Friday
2031-12-06,2031,36,Saturday
2031-12-07,2031,36,Sunday
2031-12-08,2031,37,Monday
2031-12-09,2031,37,Tuesday
2031-12-10,2031,37,Wednesday
2031-12-11,2031,37,Thursday
2031-12-12,2031,37,Friday
2031-12-13,2031,37,Saturday
2031-12-14,2031,37,Sunday
2031-12-15,2031,38,Monday
2031-12-16,2031,38,Tuesday
2031-12-17,2031,38,Wednesday
2031-12-18,2031,38,Thursday
2031-12-19,2031,38,Friday
2031-12-20,2031,38,Saturday
2031-12-21,2031,38,Sunday
2031-12-22,2031,39,Monday
2031-12-23,2031,39,Tuesday
2031-12-24,2031,39,Wednesday
2031-12-25,2031,39,Thursday
2031-12-26,2031,39,Friday
2031-12-27,2031,39,Saturday
2031-12-28,2031,39,Sunday
2031-12-29,2031,40,Monday
2031-12-30,2031,40,Tuesday
2031-12-31,2031,40,Wednesday
